-- Generated by generate_game_data.py
-- Source: scripts/output/merged/Armor.json

DELETE FROM armor_piece_skills;
DELETE FROM armor_set_skills;
DELETE FROM armor_pieces;
DELETE FROM armor_sets;

INSERT INTO armor_sets (id, slug, name, rarity) VALUES
  (1, 'conga', 'Conga α', 5),
  (2, 'quematrice', 'Quematrice', 1),
  (3, 'gore', 'Gore α', 7),
  (4, 'blango', 'Blango β', 6),
  (5, 'guild_ace', 'Guild Ace α', 8),
  (6, 'vespoid', 'Vespoid α', 5),
  (7, 'hirabami', 'Hirabami', 3),
  (8, 'alloy', 'Alloy α', 5),
  (9, 'rathalos', 'Rathalos β', 6),
  (10, 'chatacabra', 'Chatacabra α', 5),
  (11, 'bone', 'Bone α', 5),
  (12, 'vespoid', 'Vespoid', 1),
  (13, 'doshaguma', 'Doshaguma', 2),
  (14, 'seregios', 'Seregios β', 7),
  (15, 'guardian_rathalos', 'Guardian Rathalos β', 6),
  (16, 'kunafa', 'Kunafa α', 6),
  (17, 'rathian', 'Rathian β', 5),
  (18, 'comaqchi', 'Comaqchi β', 5),
  (19, 'guardian_seikret', 'Guardian Seikret', 4),
  (20, 'nerscylla', 'Nerscylla β', 5),
  (21, 'sild', 'Sild α', 6),
  (22, 'conga', 'Conga β', 5),
  (23, 'dober', 'Dober α', 7),
  (24, 'gypceros', 'Gypceros α', 5),
  (25, 'rathian', 'Rathian α', 5),
  (26, 'guardian_arkveld', 'Guardian Arkveld', 4),
  (27, 'dahaad', 'Dahaad α', 7),
  (28, 'uth_duna', 'Uth Duna α', 7),
  (29, 'rey_dau', 'Rey Dau α', 7),
  (30, 'guardian_rathalos', 'Guardian Rathalos α', 6),
  (31, 'kranodath', 'Kranodath α', 5),
  (32, 'butterfly', 'Butterfly α', 6),
  (33, 'kranodath', 'Kranodath', 3),
  (34, 'guardian_doshaguma', 'Guardian Doshaguma', 4),
  (35, 'talioth', 'Talioth α', 5),
  (36, 'hirabami', 'Hirabami α', 5),
  (37, 'uth_duna', 'Uth Duna β', 7),
  (38, 'ingot', 'Ingot α', 6),
  (39, 'rey_dau', 'Rey Dau', 4),
  (40, 'balahara', 'Balahara α', 5),
  (41, 'gajau', 'Gajau', 1),
  (42, 'melahoa', 'Melahoa α', 6),
  (43, 'gypceros', 'Gypceros β', 5),
  (44, 'xu_wu', 'Xu Wu α', 6),
  (45, 'suja', 'Suja α', 6),
  (46, 'quematrice', 'Quematrice β', 5),
  (47, 'kut_ku', 'Kut-Ku α', 5),
  (48, 'lala_barina', 'Lala Barina β', 5),
  (49, 'arkveld', 'Arkveld α', 8),
  (50, 'xu_wu', 'Xu Wu', 4),
  (51, 'gravios', 'Gravios β', 6),
  (52, 'mimiphyta', 'Mimiphyta α', 5),
  (53, 'guardian_seikret', 'Guardian Seikret β', 6),
  (54, 'guardian_rathalos', 'Guardian Rathalos', 4),
  (55, 'gravios', 'Gravios α', 6),
  (56, 'uth_duna', 'Uth Duna', 4),
  (57, 'gajau', 'Gajau α', 6),
  (58, 'dahaad', 'Dahaad β', 7),
  (59, 'lala_barina', 'Lala Barina', 1),
  (60, 'hope', 'Hope', 1),
  (61, 'leather', 'Leather', 1),
  (62, 'chainmail', 'Chainmail', 1),
  (63, 'bone', 'Bone', 1),
  (64, 'alloy', 'Alloy', 1),
  (65, 'ingot', 'Ingot', 3),
  (66, 'talioth', 'Talioth', 1),
  (67, 'bulaqchi', 'Bulaqchi', 1),
  (68, 'harvest', 'Harvest α', 5),
  (69, 'omega_attire', 'Omega Attire α', 8),
  (70, 'fluffy_tail', 'Fluffy Tail', 5),
  (71, 'half_rim_glasses', 'Half Rim Glasses α', 6),
  (72, 'skull_mask', 'Skull Mask α', 8),
  (73, 'feudal_soldier', 'Feudal Soldier', 5),
  (74, 'earrings_of_dedication', 'Earrings of Dedication α', 6),
  (75, 'orion', 'Orion α', 8),
  (76, 'gogmazios', 'Gogmazios α', 8),
  (77, 'azure_age', 'Azure Age α', 8),
  (78, 'akuma', 'Akuma α', 6),
  (79, 'gogmazios', 'Gogmazios β', 8),
  (80, 'fencers_eyepatch', 'Fencer''s Eyepatch', 5),
  (81, 'rompomask', 'Rompomask α', 8),
  (82, 'eager_wudwud', 'Eager Wudwud α', 8),
  (83, 'guild_cross', 'Guild Cross α', 5),
  (84, 'sealed_eyepatch', 'Sealed Eyepatch α', 7),
  (85, 'square_glasses', 'Square Glasses α', 6),
  (86, 'florescent_circlet', 'Florescent Circlet', 5),
  (87, 'cypurrpunk', 'Cypurrpunk', 5),
  (88, 'afi', 'Afi α', 5),
  (89, 'hawkheart_jacket', 'Hawkheart Jacket α', 6),
  (90, 'toe_bean_mittens', 'Toe Bean Mittens α', 7),
  (91, 'gelidron', 'Gelidron α', 8),
  (92, 'round_glasses', 'Round Glasses α', 7),
  (93, 'wyverian_ears', 'Wyverian Ears', 5),
  (94, 'pinion_necklace', 'Pinion Necklace α', 7),
  (95, 'gourmands_earring', 'Gourmand''s Earring α', 5),
  (96, 'mizutsune', 'Mizutsune β', 6),
  (97, 'blessed_waistchain', 'Blessed Waistchain α', 8),
  (98, 'sororal', 'Sororal α', 8),
  (99, 'sakuratide', 'Sakuratide α', 5),
  (100, 'dahaad', 'Dahaad γ', 8),
  (101, 'strategist_spectacles', 'Strategist Spectacles α', 6),
  (102, 'amstrigian', 'Amstrigian α', 5),
  (103, 'doshagumask', 'Doshagumask α', 6),
  (104, 'clerk', 'Clerk α', 6),
  (105, 'noblesse', 'Noblesse', 5),
  (106, 'nu_udra', 'Nu Udra γ', 8),
  (107, 'blossom', 'Blossom α', 5),
  (108, 'fluffy_ears', 'Fluffy Ears', 5),
  (109, 'lagiacrus', 'Lagiacrus β', 7),
  (110, 'numinous', 'Numinous β', 8),
  (111, 'bale_armor', 'Bale Armor α', 8),
  (112, 'guild_knight', 'Guild Knight', 5),
  (113, 'arkveld', 'Arkveld γ', 8),
  (114, 'sealed_dragon_cloth', 'Sealed Dragon Cloth α', 6),
  (115, 'analytic_e_y_e', 'Analytic E.Y.E. α', 8),
  (116, 'gala_suit', 'Gala Suit α', 8),
  (117, 'cosmoloid', 'Cosmoloid', 5),
  (118, 'kitten_frames', 'Kitten Frames α', 8),
  (119, 'dreamwalker', 'Dreamwalker α', 5),
  (120, 'uth_duna', 'Uth Duna γ', 8),
  (121, 'aviator_shades', 'Aviator Shades α', 8),
  (122, 'shadow_shades', 'Shadow Shades α', 7),
  (123, 'mizutsune', 'Mizutsune α', 6),
  (124, 'lovely_shades', 'Lovely Shades α', 6),
  (125, 'mirror_visor', 'Mirror Visor α', 8),
  (126, 'numinous', 'Numinous α', 8),
  (127, 'lagiacrus', 'Lagiacrus α', 7),
  (128, 'oni_horns_wig', 'Oni Horns Wig', 5),
  (129, 'ceremonial', 'Ceremonial α', 5),
  (130, 'diver', 'Diver α', 5),
  (131, 'faux_felyne', 'Faux Felyne α', 5),
  (132, 'rey_dau', 'Rey Dau γ', 8),
  (133, 'expedition_headgear', 'Expedition Headgear α', 5),
  (134, 'lala_barina', 'Lala Barina α', 5),
  (135, 'balahara', 'Balahara β', 5),
  (136, 'guardian_doshaguma', 'Guardian Doshaguma β', 6),
  (137, 'guardian_ebony', 'Guardian Ebony β', 6),
  (138, 'doshaguma', 'Doshaguma β', 6),
  (139, 'piragill', 'Piragill β', 5),
  (140, 'guardian_arkveld', 'Guardian Arkveld α', 8),
  (141, 'guardian_seikret', 'Guardian Seikret α', 6),
  (142, 'chatacabra', 'Chatacabra β', 5),
  (143, 'piragill', 'Piragill α', 5),
  (144, 'quematrice', 'Quematrice α', 5),
  (145, 'commission', 'Commission α', 6),
  (146, 'nu_udra', 'Nu Udra β', 7),
  (147, 'comaqchi', 'Comaqchi', 3),
  (148, 'blango', 'Blango α', 6),
  (149, 'kut_ku', 'Kut-Ku β', 5),
  (150, 'guardian_doshaguma', 'Guardian Doshaguma α', 6),
  (151, 'rey_dau', 'Rey Dau β', 7),
  (152, 'guardian_ebony', 'Guardian Ebony', 4),
  (153, 'high_metal', 'High Metal α', 6),
  (154, 'hope', 'Hope α', 5),
  (155, 'conga', 'Conga', 2),
  (156, 'nerscylla', 'Nerscylla', 3),
  (157, 'vespoid', 'Vespoid β', 5),
  (158, 'bulaqchi', 'Bulaqchi β', 5),
  (159, 'death_stench', 'Death Stench α', 6),
  (160, 'doshaguma', 'Doshaguma α', 6),
  (161, 'battle', 'Battle α', 6),
  (162, 'king_beetle', 'King Beetle α', 6),
  (163, 'hirabami', 'Hirabami β', 5),
  (164, 'guardian_arkveld', 'Guardian Arkveld β', 8),
  (165, 'nu_udra', 'Nu Udra', 4),
  (166, 'rompopolo', 'Rompopolo β', 5),
  (167, 'nerscylla', 'Nerscylla α', 5),
  (168, 'talioth', 'Talioth β', 5),
  (169, 'seregios', 'Seregios α', 7),
  (170, 'nu_udra', 'Nu Udra α', 7),
  (171, 'chatacabra', 'Chatacabra', 1),
  (172, 'ajarakan', 'Ajarakan', 3),
  (173, 'kranodath', 'Kranodath β', 5),
  (174, 'ajarakan', 'Ajarakan β', 6),
  (175, 'guardian_fulgur', 'Guardian Fulgur α', 6),
  (176, 'guardian_ebony', 'Guardian Ebony α', 6),
  (177, 'artian', 'Artian α', 6),
  (178, 'arkveld', 'Arkveld β', 8),
  (179, 'balahara', 'Balahara', 2),
  (180, 'bulaqchi', 'Bulaqchi α', 5),
  (181, 'guardian_fulgur', 'Guardian Fulgur β', 6),
  (182, 'piragill', 'Piragill', 1),
  (183, 'rathalos', 'Rathalos α', 6),
  (184, 'xu_wu', 'Xu Wu β', 6),
  (185, 'leather', 'Leather α', 5),
  (186, 'azuz', 'Azuz α', 6),
  (187, 'damascus', 'Damascus α', 7),
  (188, 'ajarakan', 'Ajarakan α', 6),
  (189, 'gore', 'Gore β', 7),
  (190, 'chainmail', 'Chainmail α', 5),
  (191, 'rompopolo', 'Rompopolo', 3),
  (192, 'comaqchi', 'Comaqchi α', 5),
  (193, 'dragonking', 'Dragonking α', 8),
  (194, 'rompopolo', 'Rompopolo α', 5);

INSERT INTO armor_pieces
  (id, slug, name, slot_type, base_defense,
   fire_res, water_res, thunder_res, ice_res, dragon_res,
   rarity, slots, set_id)
VALUES
  (1, 'conga_helm', 'Conga Helm α', 'head', 36, -3, 1, 1, -1, 2, 5, '[1]', 1),
  (2, 'conga_mail', 'Conga Mail α', 'chest', 36, -3, 1, 1, -1, 2, 5, '[]', 1),
  (3, 'conga_vambraces', 'Conga Vambraces α', 'arms', 36, -3, 1, 1, -1, 2, 5, '[]', 1),
  (4, 'conga_coil', 'Conga Coil α', 'waist', 36, -3, 1, 1, -1, 2, 5, '[1]', 1),
  (5, 'conga_greaves', 'Conga Greaves α', 'legs', 36, -3, 1, 1, -1, 2, 5, '[]', 1),
  (6, 'quematrice_helm', 'Quematrice Helm', 'head', 6, 2, -3, 0, -1, 0, 1, '[]', 2),
  (7, 'quematrice_mail', 'Quematrice Mail', 'chest', 6, 2, -3, 0, -1, 0, 1, '[]', 2),
  (8, 'quematrice_braces', 'Quematrice Braces', 'arms', 6, 2, -3, 0, -1, 0, 1, '[]', 2),
  (9, 'quematrice_coil', 'Quematrice Coil', 'waist', 6, 2, -3, 0, -1, 0, 1, '[]', 2),
  (10, 'quematrice_greaves', 'Quematrice Greaves', 'legs', 6, 2, -3, 0, -1, 0, 1, '[]', 2),
  (11, 'gore_helm', 'Gore Helm α', 'head', 60, -2, 3, -1, 2, -1, 7, '[2]', 3),
  (12, 'gore_mail', 'Gore Mail α', 'chest', 60, -2, 3, -1, 2, -1, 7, '[3]', 3),
  (13, 'gore_vambraces', 'Gore Vambraces α', 'arms', 60, -2, 3, -1, 2, -1, 7, '[2, 1]', 3),
  (14, 'gore_coil', 'Gore Coil α', 'waist', 60, -2, 3, -1, 2, -1, 7, '[3, 1]', 3),
  (15, 'gore_greaves', 'Gore Greaves α', 'legs', 60, -2, 3, -1, 2, -1, 7, '[3, 1]', 3),
  (16, 'blango_helm', 'Blango Helm β', 'head', 48, -4, 1, 0, 4, 0, 6, '[2, 1, 1]', 4),
  (17, 'blango_mail', 'Blango Mail β', 'chest', 48, -4, 1, 0, 4, 0, 6, '[2]', 4),
  (18, 'blango_vambraces', 'Blango Vambraces β', 'arms', 48, -4, 1, 0, 4, 0, 6, '[2, 2]', 4),
  (19, 'blango_coil', 'Blango Coil β', 'waist', 48, -4, 1, 0, 4, 0, 6, '[1, 1]', 4),
  (20, 'blango_greaves', 'Blango Greaves β', 'legs', 48, -4, 1, 0, 4, 0, 6, '[2, 2]', 4),
  (21, 'guild_ace_earrings', 'Guild Ace Earrings α', 'head', 60, 2, 2, 2, 2, 2, 8, '[3]', 5),
  (22, 'guild_ace_mail', 'Guild Ace Mail α', 'chest', 60, 2, 2, 2, 2, 2, 8, '[3]', 5),
  (23, 'guild_ace_vambraces', 'Guild Ace Vambraces α', 'arms', 60, 2, 2, 2, 2, 2, 8, '[3]', 5),
  (24, 'guild_ace_coil', 'Guild Ace Coil α', 'waist', 60, 2, 2, 2, 2, 2, 8, '[3]', 5),
  (25, 'guild_ace_boots', 'Guild Ace Boots α', 'legs', 60, 2, 2, 2, 2, 2, 8, '[3]', 5),
  (26, 'vespoid_helm', 'Vespoid Helm α', 'head', 32, -2, 1, 1, 1, 2, 5, '[]', 6),
  (27, 'vespoid_mail', 'Vespoid Mail α', 'chest', 32, -2, 1, 1, 1, 2, 5, '[1]', 6),
  (28, 'vespoid_vambraces', 'Vespoid Vambraces α', 'arms', 32, -2, 1, 1, 1, 2, 5, '[]', 6),
  (29, 'vespoid_coil', 'Vespoid Coil α', 'waist', 32, -2, 1, 1, 1, 2, 5, '[1]', 6),
  (30, 'vespoid_greaves', 'Vespoid Greaves α', 'legs', 32, -2, 1, 1, 1, 2, 5, '[1, 1]', 6),
  (31, 'hirabami_headdress', 'Hirabami Headdress', 'head', 22, -3, 2, -2, 3, 0, 3, '[]', 7),
  (32, 'hirabami_mail', 'Hirabami Mail', 'chest', 22, -3, 2, -2, 3, 0, 3, '[]', 7),
  (33, 'hirabami_vambraces', 'Hirabami Vambraces', 'arms', 22, -3, 2, -2, 3, 0, 3, '[]', 7),
  (34, 'hirabami_coil', 'Hirabami Coil', 'waist', 22, -3, 2, -2, 3, 0, 3, '[]', 7),
  (35, 'hirabami_greaves', 'Hirabami Greaves', 'legs', 22, -3, 2, -2, 3, 0, 3, '[]', 7),
  (36, 'alloy_helm', 'Alloy Helm α', 'head', 32, -2, 1, -2, -2, 1, 5, '[1, 1]', 8),
  (37, 'alloy_mail', 'Alloy Mail α', 'chest', 32, -2, 1, -2, -2, 1, 5, '[1]', 8),
  (38, 'alloy_vambraces', 'Alloy Vambraces α', 'arms', 32, -2, 1, -2, -2, 1, 5, '[1, 1]', 8),
  (39, 'alloy_coil', 'Alloy Coil α', 'waist', 32, -2, 1, -2, -2, 1, 5, '[1]', 8),
  (40, 'alloy_greaves', 'Alloy Greaves α', 'legs', 32, -2, 1, -2, -2, 1, 5, '[1]', 8),
  (41, 'rathalos_helm', 'Rathalos Helm β', 'head', 48, 3, 1, -2, 1, -3, 6, '[2, 2]', 9),
  (42, 'rathalos_mail', 'Rathalos Mail β', 'chest', 48, 3, 1, -2, 1, -3, 6, '[1, 1]', 9),
  (43, 'rathalos_vambraces', 'Rathalos Vambraces β', 'arms', 48, 3, 1, -2, 1, -3, 6, '[2, 1, 1]', 9),
  (44, 'rathalos_coil', 'Rathalos Coil β', 'waist', 48, 3, 1, -2, 1, -3, 6, '[2]', 9),
  (45, 'rathalos_greaves', 'Rathalos Greaves β', 'legs', 48, 3, 1, -2, 1, -3, 6, '[2, 2, 1]', 9),
  (46, 'chatacabra_helm', 'Chatacabra Helm α', 'head', 36, 1, 2, -3, -1, 1, 5, '[1]', 10),
  (47, 'chatacabra_mail', 'Chatacabra Mail α', 'chest', 36, 1, 2, -3, -1, 1, 5, '[]', 10),
  (48, 'chatacabra_vambraces', 'Chatacabra Vambraces α', 'arms', 36, 1, 2, -3, -1, 1, 5, '[1]', 10),
  (49, 'chatacabra_coil', 'Chatacabra Coil α', 'waist', 36, 1, 2, -3, -1, 1, 5, '[1]', 10),
  (50, 'chatacabra_greaves', 'Chatacabra Greaves α', 'legs', 36, 1, 2, -3, -1, 1, 5, '[]', 10),
  (51, 'bone_helm', 'Bone Helm α', 'head', 32, 2, 0, 2, 0, 2, 5, '[1]', 11),
  (52, 'bone_mail', 'Bone Mail α', 'chest', 32, 2, 0, 2, 0, 2, 5, '[1]', 11),
  (53, 'bone_vambraces', 'Bone Vambraces α', 'arms', 32, 2, 0, 2, 0, 2, 5, '[1]', 11),
  (54, 'bone_coil', 'Bone Coil α', 'waist', 32, 2, 0, 2, 0, 2, 5, '[1, 1]', 11),
  (55, 'bone_greaves', 'Bone Greaves α', 'legs', 32, 2, 0, 2, 0, 2, 5, '[1, 1]', 11),
  (56, 'vespoid_helm', 'Vespoid Helm', 'head', 4, -2, 1, 1, 1, 2, 1, '[]', 12),
  (57, 'vespoid_mail', 'Vespoid Mail', 'chest', 4, -2, 1, 1, 1, 2, 1, '[]', 12),
  (58, 'vespoid_vambraces', 'Vespoid Vambraces', 'arms', 4, -2, 1, 1, 1, 2, 1, '[]', 12),
  (59, 'vespoid_coil', 'Vespoid Coil', 'waist', 4, -2, 1, 1, 1, 2, 1, '[]', 12),
  (60, 'vespoid_greaves', 'Vespoid Greaves', 'legs', 4, -2, 1, 1, 1, 2, 1, '[]', 12),
  (61, 'doshaguma_helm', 'Doshaguma Helm', 'head', 16, -3, 2, -1, -1, 4, 2, '[]', 13),
  (62, 'doshaguma_mail', 'Doshaguma Mail', 'chest', 16, -3, 2, -1, -1, 4, 2, '[]', 13),
  (63, 'doshaguma_braces', 'Doshaguma Braces', 'arms', 16, -3, 2, -1, -1, 4, 2, '[]', 13),
  (64, 'doshaguma_coil', 'Doshaguma Coil', 'waist', 16, -3, 2, -1, -1, 4, 2, '[]', 13),
  (65, 'doshaguma_greaves', 'Doshaguma Greaves', 'legs', 16, -3, 2, -1, -1, 4, 2, '[]', 13),
  (66, 'regios_helm', 'Regios Helm β', 'head', 64, 4, 0, -3, -2, 0, 7, '[3, 1, 1]', 14),
  (67, 'regios_mail', 'Regios Mail β', 'chest', 64, 4, 0, -3, -2, 0, 7, '[2, 1]', 14),
  (68, 'regios_vambraces', 'Regios Vambraces β', 'arms', 64, 4, 0, -3, -2, 0, 7, '[3, 1]', 14),
  (69, 'regios_coil', 'Regios Coil β', 'waist', 64, 4, 0, -3, -2, 0, 7, '[3, 1, 1]', 14),
  (70, 'regios_greaves', 'Regios Greaves β', 'legs', 64, 4, 0, -3, -2, 0, 7, '[1]', 14),
  (71, 'g_rathalos_helm', 'G. Rathalos Helm β', 'head', 48, 3, 1, -2, 1, -5, 6, '[2, 2]', 15),
  (72, 'g_rathalos_mail', 'G. Rathalos Mail β', 'chest', 48, 3, 1, -2, 1, -5, 6, '[2]', 15),
  (73, 'g_rathalos_vambraces', 'G. Rathalos Vambraces β', 'arms', 48, 3, 1, -2, 1, -5, 6, '[2, 1, 1]', 15),
  (74, 'g_rathalos_coil', 'G. Rathalos Coil β', 'waist', 48, 3, 1, -2, 1, -5, 6, '[2, 2, 1]', 15),
  (75, 'g_rathalos_greaves', 'G. Rathalos Greaves β', 'legs', 48, 3, 1, -2, 1, -5, 6, '[2]', 15),
  (76, 'kunafa_headgear', 'Kunafa Headgear α', 'head', 44, 1, 1, 4, 1, 1, 6, '[2]', 16),
  (77, 'kunafa_cloak', 'Kunafa Cloak α', 'chest', 44, 1, 1, 4, 1, 1, 6, '[2]', 16),
  (78, 'kunafa_sash', 'Kunafa Sash α', 'waist', 44, 1, 1, 4, 1, 1, 6, '[2]', 16),
  (79, 'kunafa_chaps', 'Kunafa Chaps α', 'legs', 44, 1, 1, 4, 1, 1, 6, '[2]', 16),
  (80, 'rathian_helm', 'Rathian Helm β', 'head', 38, 2, 0, -2, 0, -3, 5, '[2, 1]', 17),
  (81, 'rathian_mail', 'Rathian Mail β', 'chest', 38, 2, 0, -2, 0, -3, 5, '[1, 1, 1]', 17),
  (82, 'rathian_vambraces', 'Rathian Vambraces β', 'arms', 38, 2, 0, -2, 0, -3, 5, '[1]', 17),
  (83, 'rathian_coil', 'Rathian Coil β', 'waist', 38, 2, 0, -2, 0, -3, 5, '[2]', 17),
  (84, 'rathian_greaves', 'Rathian Greaves β', 'legs', 38, 2, 0, -2, 0, -3, 5, '[1]', 17),
  (85, 'comaqchi_accessory', 'Comaqchi Accessory β', 'head', 32, -5, 0, 0, 3, 3, 5, '[2, 1]', 18),
  (86, 'g_seikret_coil', 'G. Seikret Coil', 'waist', 22, 0, 0, 4, 0, -3, 4, '[1]', 19),
  (87, 'nerscylla_helm', 'Nerscylla Helm β', 'head', 38, -2, 2, -2, 1, 2, 5, '[2]', 20),
  (88, 'nerscylla_mail', 'Nerscylla Mail β', 'chest', 38, -2, 2, -2, 1, 2, 5, '[1, 1, 1]', 20),
  (89, 'nerscylla_vambraces', 'Nerscylla Vambraces β', 'arms', 38, -2, 2, -2, 1, 2, 5, '[2]', 20),
  (90, 'nerscylla_coil', 'Nerscylla Coil β', 'waist', 38, -2, 2, -2, 1, 2, 5, '[1, 1]', 20),
  (91, 'nerscylla_greaves', 'Nerscylla Greaves β', 'legs', 38, -2, 2, -2, 1, 2, 5, '[2, 1]', 20),
  (92, 'sild_hood', 'Sild Hood α', 'head', 44, 1, 1, 1, 1, 4, 6, '[2, 1, 1]', 21),
  (93, 'sild_coat', 'Sild Coat α', 'chest', 44, 1, 1, 1, 1, 4, 6, '[2]', 21),
  (94, 'conga_helm', 'Conga Helm β', 'head', 36, -3, 1, 1, -1, 2, 5, '[2]', 22),
  (95, 'conga_mail', 'Conga Mail β', 'chest', 36, -3, 1, 1, -1, 2, 5, '[1, 1, 1]', 22),
  (96, 'conga_vambraces', 'Conga Vambraces β', 'arms', 36, -3, 1, 1, -1, 2, 5, '[1]', 22),
  (97, 'conga_coil', 'Conga Coil β', 'waist', 36, -3, 1, 1, -1, 2, 5, '[2]', 22),
  (98, 'conga_greaves', 'Conga Greaves β', 'legs', 36, -3, 1, 1, -1, 2, 5, '[2]', 22),
  (99, 'dober_helm', 'Dober Helm α', 'head', 56, -2, 0, -1, -1, 4, 7, '[3]', 23),
  (100, 'dober_mail', 'Dober Mail α', 'chest', 56, -2, 0, -1, -1, 4, 7, '[3, 2]', 23),
  (101, 'dober_vambraces', 'Dober Vambraces α', 'arms', 56, -2, 0, -1, -1, 4, 7, '[3]', 23),
  (102, 'dober_coil', 'Dober Coil α', 'waist', 56, -2, 0, -1, -1, 4, 7, '[3, 1]', 23),
  (103, 'dober_greaves', 'Dober Greaves α', 'legs', 56, -2, 0, -1, -1, 4, 7, '[2, 2]', 23),
  (104, 'gypceros_helm', 'Gypceros Helm α', 'head', 36, -4, 3, 4, -1, 1, 5, '[1]', 24),
  (105, 'gypceros_mail', 'Gypceros Mail α', 'chest', 36, -4, 3, 4, -1, 1, 5, '[1]', 24),
  (106, 'gypceros_vambraces', 'Gypceros Vambraces α', 'arms', 36, -4, 3, 4, -1, 1, 5, '[]', 24),
  (107, 'gypceros_coil', 'Gypceros Coil α', 'waist', 36, -4, 3, 4, -1, 1, 5, '[1]', 24),
  (108, 'gypceros_greaves', 'Gypceros Greaves α', 'legs', 36, -4, 3, 4, -1, 1, 5, '[]', 24),
  (109, 'rathian_helm', 'Rathian Helm α', 'head', 38, 2, 0, -2, 0, -3, 5, '[2]', 25),
  (110, 'rathian_mail', 'Rathian Mail α', 'chest', 38, 2, 0, -2, 0, -3, 5, '[]', 25),
  (111, 'rathian_vambraces', 'Rathian Vambraces α', 'arms', 38, 2, 0, -2, 0, -3, 5, '[]', 25),
  (112, 'rathian_coil', 'Rathian Coil α', 'waist', 38, 2, 0, -2, 0, -3, 5, '[]', 25),
  (113, 'rathian_greaves', 'Rathian Greaves α', 'legs', 38, 2, 0, -2, 0, -3, 5, '[]', 25),
  (114, 'g_arkveld_helm', 'G. Arkveld Helm', 'head', 30, 2, 0, -1, 0, -4, 4, '[1]', 26),
  (115, 'g_arkveld_mail', 'G. Arkveld Mail', 'chest', 30, 2, 0, -1, 0, -4, 4, '[]', 26),
  (116, 'g_arkveld_vambraces', 'G. Arkveld Vambraces', 'arms', 30, 2, 0, -1, 0, -4, 4, '[1]', 26),
  (117, 'g_arkveld_coil', 'G. Arkveld Coil', 'waist', 30, 2, 0, -1, 0, -4, 4, '[1, 1]', 26),
  (118, 'g_arkveld_greaves', 'G. Arkveld Greaves', 'legs', 30, 2, 0, -1, 0, -4, 4, '[1]', 26),
  (119, 'dahaad_shardhelm', 'Dahaad Shardhelm α', 'head', 60, -3, 2, -1, 2, -1, 7, '[1]', 27),
  (120, 'dahaad_shardmail', 'Dahaad Shardmail α', 'chest', 60, -3, 2, -1, 2, -1, 7, '[3, 1]', 27),
  (121, 'dahaad_shardbraces', 'Dahaad Shardbraces α', 'arms', 60, -3, 2, -1, 2, -1, 7, '[]', 27),
  (122, 'dahaad_shardcoil', 'Dahaad Shardcoil α', 'waist', 60, -3, 2, -1, 2, -1, 7, '[1, 1]', 27),
  (123, 'dahaad_shardgreaves', 'Dahaad Shardgreaves α', 'legs', 60, -3, 2, -1, 2, -1, 7, '[1]', 27),
  (124, 'duna_wildhelm', 'Duna Wildhelm α', 'head', 60, -1, 4, -3, 0, 0, 7, '[2, 1]', 28),
  (125, 'duna_wildmail', 'Duna Wildmail α', 'chest', 60, -1, 4, -3, 0, 0, 7, '[3]', 28),
  (126, 'duna_wildbraces', 'Duna Wildbraces α', 'arms', 60, -1, 4, -3, 0, 0, 7, '[2, 1]', 28),
  (127, 'duna_wildcoil', 'Duna Wildcoil α', 'waist', 60, -1, 4, -3, 0, 0, 7, '[2, 1]', 28),
  (128, 'duna_wildgreaves', 'Duna Wildgreaves α', 'legs', 60, -1, 4, -3, 0, 0, 7, '[3]', 28),
  (129, 'rey_sandhelm', 'Rey Sandhelm α', 'head', 60, 0, -2, 4, -3, 0, 7, '[]', 29),
  (130, 'rey_sandmail', 'Rey Sandmail α', 'chest', 60, 0, -2, 4, -3, 0, 7, '[1, 1]', 29),
  (131, 'rey_sandbraces', 'Rey Sandbraces α', 'arms', 60, 0, -2, 4, -3, 0, 7, '[2]', 29),
  (132, 'rey_sandcoil', 'Rey Sandcoil α', 'waist', 60, 0, -2, 4, -3, 0, 7, '[2]', 29),
  (133, 'rey_sandgreaves', 'Rey Sandgreaves α', 'legs', 60, 0, -2, 4, -3, 0, 7, '[3]', 29),
  (134, 'g_rathalos_helm', 'G. Rathalos Helm α', 'head', 48, 3, 1, -2, 1, -5, 6, '[1, 1]', 30),
  (135, 'g_rathalos_mail', 'G. Rathalos Mail α', 'chest', 48, 3, 1, -2, 1, -5, 6, '[1]', 30),
  (136, 'g_rathalos_vambraces', 'G. Rathalos Vambraces α', 'arms', 48, 3, 1, -2, 1, -5, 6, '[2]', 30),
  (137, 'g_rathalos_coil', 'G. Rathalos Coil α', 'waist', 48, 3, 1, -2, 1, -5, 6, '[1, 1]', 30),
  (138, 'g_rathalos_greaves', 'G. Rathalos Greaves α', 'legs', 48, 3, 1, -2, 1, -5, 6, '[1]', 30),
  (139, 'kranodath_mail', 'Kranodath Mail α', 'chest', 32, 4, -2, 0, -2, 0, 5, '[]', 31),
  (140, 'butterfly_vertex', 'Butterfly Vertex α', 'head', 44, -1, -1, 2, 0, 2, 6, '[2]', 32),
  (141, 'butterfly_thorax', 'Butterfly Thorax α', 'chest', 44, -1, -1, 2, 0, 2, 6, '[2]', 32),
  (142, 'butterfly_brachia', 'Butterfly Brachia α', 'arms', 44, -1, -1, 2, 0, 2, 6, '[2]', 32),
  (143, 'butterfly_elytra', 'Butterfly Elytra α', 'waist', 44, -1, -1, 2, 0, 2, 6, '[2]', 32),
  (144, 'butterfly_crura', 'Butterfly Crura α', 'legs', 44, -1, -1, 2, 0, 2, 6, '[2]', 32),
  (145, 'kranodath_mail', 'Kranodath Mail', 'chest', 16, 4, -2, 0, -2, 0, 3, '[]', 33),
  (146, 'g_doshaguma_helm', 'G. Doshaguma Helm', 'head', 26, -3, 2, -1, -2, 2, 4, '[1]', 34),
  (147, 'g_doshaguma_mail', 'G. Doshaguma Mail', 'chest', 26, -3, 2, -1, -2, 2, 4, '[]', 34),
  (148, 'g_doshaguma_braces', 'G. Doshaguma Braces', 'arms', 26, -3, 2, -1, -2, 2, 4, '[1]', 34),
  (149, 'g_doshaguma_coil', 'G. Doshaguma Coil', 'waist', 26, -3, 2, -1, -2, 2, 4, '[]', 34),
  (150, 'g_doshaguma_greaves', 'G. Doshaguma Greaves', 'legs', 26, -3, 2, -1, -2, 2, 4, '[]', 34),
  (151, 'talioth_vambraces', 'Talioth Vambraces α', 'arms', 32, 4, -2, -2, -2, 2, 5, '[]', 35),
  (152, 'hirabami_headdress', 'Hirabami Headdress α', 'head', 38, -3, 2, -2, 3, 0, 5, '[]', 36),
  (153, 'hirabami_mail', 'Hirabami Mail α', 'chest', 38, -3, 2, -2, 3, 0, 5, '[1]', 36),
  (154, 'hirabami_vambraces', 'Hirabami Vambraces α', 'arms', 38, -3, 2, -2, 3, 0, 5, '[]', 36),
  (155, 'hirabami_coil', 'Hirabami Coil α', 'waist', 38, -3, 2, -2, 3, 0, 5, '[]', 36),
  (156, 'hirabami_greaves', 'Hirabami Greaves α', 'legs', 38, -3, 2, -2, 3, 0, 5, '[1]', 36),
  (157, 'duna_wildhelm', 'Duna Wildhelm β', 'head', 60, -1, 4, -3, 0, 0, 7, '[3, 2]', 37),
  (158, 'duna_wildmail', 'Duna Wildmail β', 'chest', 60, -1, 4, -3, 0, 0, 7, '[3, 1]', 37),
  (159, 'duna_wildbraces', 'Duna Wildbraces β', 'arms', 60, -1, 4, -3, 0, 0, 7, '[3, 1, 1]', 37),
  (160, 'duna_wildcoil', 'Duna Wildcoil β', 'waist', 60, -1, 4, -3, 0, 0, 7, '[3, 1]', 37),
  (161, 'duna_wildgreaves', 'Duna Wildgreaves β', 'legs', 60, -1, 4, -3, 0, 0, 7, '[3, 1, 1]', 37),
  (162, 'ingot_helm', 'Ingot Helm α', 'head', 44, -2, 0, 3, -1, 0, 6, '[2]', 38),
  (163, 'ingot_mail', 'Ingot Mail α', 'chest', 44, -2, 0, 3, -1, 0, 6, '[1, 1]', 38),
  (164, 'ingot_vambraces', 'Ingot Vambraces α', 'arms', 44, -2, 0, 3, -1, 0, 6, '[2]', 38),
  (165, 'ingot_coil', 'Ingot Coil α', 'waist', 44, -2, 0, 3, -1, 0, 6, '[1, 1, 1]', 38),
  (166, 'ingot_greaves', 'Ingot Greaves α', 'legs', 44, -2, 0, 3, -1, 0, 6, '[2]', 38),
  (167, 'rey_sandhelm', 'Rey Sandhelm', 'head', 26, 0, -2, 4, -3, 0, 4, '[]', 39),
  (168, 'rey_sandmail', 'Rey Sandmail', 'chest', 26, 0, -2, 4, -3, 0, 4, '[]', 39),
  (169, 'rey_sandbraces', 'Rey Sandbraces', 'arms', 26, 0, -2, 4, -3, 0, 4, '[1]', 39),
  (170, 'rey_sandcoil', 'Rey Sandcoil', 'waist', 26, 0, -2, 4, -3, 0, 4, '[1]', 39),
  (171, 'rey_sandgreaves', 'Rey Sandgreaves', 'legs', 26, 0, -2, 4, -3, 0, 4, '[]', 39),
  (172, 'balahara_helm', 'Balahara Helm α', 'head', 38, -1, 2, -3, 1, 1, 5, '[1]', 40),
  (173, 'balahara_mail', 'Balahara Mail α', 'chest', 38, -1, 2, -3, 1, 1, 5, '[1]', 40),
  (174, 'balahara_vambraces', 'Balahara Vambraces α', 'arms', 38, -1, 2, -3, 1, 1, 5, '[]', 40),
  (175, 'balahara_coil', 'Balahara Coil α', 'waist', 38, -1, 2, -3, 1, 1, 5, '[]', 40),
  (176, 'balahara_greaves', 'Balahara Greaves α', 'legs', 38, -1, 2, -3, 1, 1, 5, '[1, 1]', 40),
  (177, 'gajau_boots', 'Gajau Boots', 'legs', 4, 0, 5, 0, 0, 0, 1, '[]', 41),
  (178, 'melahoa_hat', 'Melahoa Hat α', 'head', 44, 0, 1, 3, 0, 0, 6, '[2]', 42),
  (179, 'melahoa_jacket', 'Melahoa Jacket α', 'chest', 44, 0, 1, 3, 0, 0, 6, '[2]', 42),
  (180, 'melahoa_branch', 'Melahoa Branch α', 'arms', 44, 0, 1, 3, 0, 0, 6, '[2]', 42),
  (181, 'melahoa_folia', 'Melahoa Folia α', 'waist', 44, 0, 1, 3, 0, 0, 6, '[2]', 42),
  (182, 'melahoa_roots', 'Melahoa Roots α', 'legs', 44, 0, 1, 3, 0, 0, 6, '[2]', 42),
  (183, 'gypceros_helm', 'Gypceros Helm β', 'head', 36, -4, 3, 4, -1, 1, 5, '[1, 1]', 43),
  (184, 'gypceros_mail', 'Gypceros Mail β', 'chest', 36, -4, 3, 4, -1, 1, 5, '[2]', 43),
  (185, 'gypceros_vambraces', 'Gypceros Vambraces β', 'arms', 36, -4, 3, 4, -1, 1, 5, '[1]', 43),
  (186, 'gypceros_coil', 'Gypceros Coil β', 'waist', 36, -4, 3, 4, -1, 1, 5, '[2, 1]', 43),
  (187, 'gypceros_greaves', 'Gypceros Greaves β', 'legs', 36, -4, 3, 4, -1, 1, 5, '[1]', 43),
  (188, 'xu_wu_helm', 'Xu Wu Helm α', 'head', 48, 1, 1, 1, -3, 2, 6, '[1]', 44),
  (189, 'xu_wu_mail', 'Xu Wu Mail α', 'chest', 48, 1, 1, 1, -3, 2, 6, '[]', 44),
  (190, 'xu_wu_vambraces', 'Xu Wu Vambraces α', 'arms', 48, 1, 1, 1, -3, 2, 6, '[2, 1]', 44),
  (191, 'xu_wu_coil', 'Xu Wu Coil α', 'waist', 48, 1, 1, 1, -3, 2, 6, '[2]', 44),
  (192, 'xu_wu_greaves', 'Xu Wu Greaves α', 'legs', 48, 1, 1, 1, -3, 2, 6, '[2, 1]', 44),
  (193, 'suja_sash', 'Suja Sash α', 'waist', 44, 1, 1, 1, 4, 1, 6, '[2, 1, 1]', 45),
  (194, 'quematrice_helm', 'Quematrice Helm β', 'head', 36, 2, -3, 0, -1, 0, 5, '[2]', 46),
  (195, 'quematrice_mail', 'Quematrice Mail β', 'chest', 36, 2, -3, 0, -1, 0, 5, '[1]', 46),
  (196, 'quematrice_braces', 'Quematrice Braces β', 'arms', 36, 2, -3, 0, -1, 0, 5, '[2, 1]', 46),
  (197, 'quematrice_coil', 'Quematrice Coil β', 'waist', 36, 2, -3, 0, -1, 0, 5, '[2]', 46),
  (198, 'quematrice_greaves', 'Quematrice Greaves β', 'legs', 36, 2, -3, 0, -1, 0, 5, '[1, 1, 1]', 46),
  (199, 'kut_ku_helm', 'Kut-Ku Helm α', 'head', 36, 3, 0, -2, -4, 2, 5, '[1]', 47),
  (200, 'kut_ku_mail', 'Kut-Ku Mail α', 'chest', 36, 3, 0, -2, -4, 2, 5, '[1]', 47),
  (201, 'kut_ku_vambraces', 'Kut-Ku Vambraces α', 'arms', 36, 3, 0, -2, -4, 2, 5, '[1]', 47),
  (202, 'kut_ku_coil', 'Kut-Ku Coil α', 'waist', 36, 3, 0, -2, -4, 2, 5, '[]', 47),
  (203, 'kut_ku_greaves', 'Kut-Ku Greaves α', 'legs', 36, 3, 0, -2, -4, 2, 5, '[2]', 47),
  (204, 'barina_headgear', 'Barina Headgear β', 'head', 36, -3, 3, 0, 0, 3, 5, '[1]', 48),
  (205, 'barina_mail', 'Barina Mail β', 'chest', 36, -3, 3, 0, 0, 3, 5, '[1]', 48),
  (206, 'barina_vambraces', 'Barina Vambraces β', 'arms', 36, -3, 3, 0, 0, 3, 5, '[2, 1]', 48),
  (207, 'barina_coil', 'Barina Coil β', 'waist', 36, -3, 3, 0, 0, 3, 5, '[2, 1]', 48),
  (208, 'barina_greaves', 'Barina Greaves β', 'legs', 36, -3, 3, 0, 0, 3, 5, '[1, 1, 1]', 48),
  (209, 'arkvulcan_helm', 'Arkvulcan Helm α', 'head', 66, 2, 0, -1, 0, -3, 8, '[]', 49),
  (210, 'arkvulcan_mail', 'Arkvulcan Mail α', 'chest', 66, 2, 0, -1, 0, -3, 8, '[2]', 49),
  (211, 'arkvulcan_vambraces', 'Arkvulcan Vambraces α', 'arms', 66, 2, 0, -1, 0, -3, 8, '[2, 2]', 49),
  (212, 'arkvulcan_coil', 'Arkvulcan Coil α', 'waist', 66, 2, 0, -1, 0, -3, 8, '[1]', 49),
  (213, 'arkvulcan_greaves', 'Arkvulcan Greaves α', 'legs', 66, 2, 0, -1, 0, -3, 8, '[2, 1]', 49),
  (214, 'xu_wu_helm', 'Xu Wu Helm', 'head', 26, 1, 1, 1, -3, 2, 4, '[1]', 50),
  (215, 'xu_wu_mail', 'Xu Wu Mail', 'chest', 26, 1, 1, 1, -3, 2, 4, '[1]', 50),
  (216, 'xu_wu_vambraces', 'Xu Wu Vambraces', 'arms', 26, 1, 1, 1, -3, 2, 4, '[1]', 50),
  (217, 'xu_wu_coil', 'Xu Wu Coil', 'waist', 26, 1, 1, 1, -3, 2, 4, '[]', 50),
  (218, 'xu_wu_greaves', 'Xu Wu Greaves', 'legs', 26, 1, 1, 1, -3, 2, 4, '[1]', 50),
  (219, 'gravios_helm', 'Gravios Helm β', 'head', 52, 4, -3, 1, 0, -2, 6, '[2, 2]', 51),
  (220, 'gravios_mail', 'Gravios Mail β', 'chest', 52, 4, -3, 1, 0, -2, 6, '[2, 2]', 51),
  (221, 'gravios_vambraces', 'Gravios Vambraces β', 'arms', 52, 4, -3, 1, 0, -2, 6, '[2]', 51),
  (222, 'gravios_coil', 'Gravios Coil β', 'waist', 52, 4, -3, 1, 0, -2, 6, '[2, 1]', 51),
  (223, 'gravios_greaves', 'Gravios Greaves β', 'legs', 52, 4, -3, 1, 0, -2, 6, '[2, 2]', 51),
  (224, 'mimiphyta', 'Mimiphyta α', 'head', 36, -3, 2, -2, 2, 2, 5, '[1]', 52),
  (225, 'g_seikret_coil', 'G. Seikret Coil β', 'waist', 44, 0, 0, 4, 0, -3, 6, '[2, 1]', 53),
  (226, 'g_rathalos_helm', 'G. Rathalos Helm', 'head', 26, 3, 1, -2, 1, -5, 4, '[]', 54),
  (227, 'g_rathalos_mail', 'G. Rathalos Mail', 'chest', 26, 3, 1, -2, 1, -5, 4, '[1]', 54),
  (228, 'g_rathalos_vambraces', 'G. Rathalos Vambraces', 'arms', 26, 3, 1, -2, 1, -5, 4, '[1]', 54),
  (229, 'g_rathalos_coil', 'G. Rathalos Coil', 'waist', 26, 3, 1, -2, 1, -5, 4, '[1]', 54),
  (230, 'g_rathalos_greaves', 'G. Rathalos Greaves', 'legs', 26, 3, 1, -2, 1, -5, 4, '[1]', 54),
  (231, 'gravios_helm', 'Gravios Helm α', 'head', 52, 4, -3, 1, 0, -2, 6, '[2, 1]', 55),
  (232, 'gravios_mail', 'Gravios Mail α', 'chest', 52, 4, -3, 1, 0, -2, 6, '[2, 1]', 55),
  (233, 'gravios_vambraces', 'Gravios Vambraces α', 'arms', 52, 4, -3, 1, 0, -2, 6, '[1]', 55),
  (234, 'gravios_coil', 'Gravios Coil α', 'waist', 52, 4, -3, 1, 0, -2, 6, '[2]', 55),
  (235, 'gravios_greaves', 'Gravios Greaves α', 'legs', 52, 4, -3, 1, 0, -2, 6, '[2, 1]', 55),
  (236, 'duna_wildhelm', 'Duna Wildhelm', 'head', 26, -1, 4, -3, 0, 0, 4, '[]', 56),
  (237, 'duna_wildmail', 'Duna Wildmail', 'chest', 26, -1, 4, -3, 0, 0, 4, '[1]', 56),
  (238, 'duna_wildbraces', 'Duna Wildbraces', 'arms', 26, -1, 4, -3, 0, 0, 4, '[1]', 56),
  (239, 'duna_wildcoil', 'Duna Wildcoil', 'waist', 26, -1, 4, -3, 0, 0, 4, '[]', 56),
  (240, 'duna_wildgreaves', 'Duna Wildgreaves', 'legs', 26, -1, 4, -3, 0, 0, 4, '[]', 56),
  (241, 'gajau_boots', 'Gajau Boots α', 'legs', 44, 0, 5, 0, 0, 0, 6, '[1, 1, 1]', 57),
  (242, 'dahaad_shardhelm', 'Dahaad Shardhelm β', 'head', 60, -3, 2, -1, 2, -1, 7, '[2, 2]', 58),
  (243, 'dahaad_shardmail', 'Dahaad Shardmail β', 'chest', 60, -3, 2, -1, 2, -1, 7, '[3, 2]', 58),
  (244, 'dahaad_shardbraces', 'Dahaad Shardbraces β', 'arms', 60, -3, 2, -1, 2, -1, 7, '[3]', 58),
  (245, 'dahaad_shardcoil', 'Dahaad Shardcoil β', 'waist', 60, -3, 2, -1, 2, -1, 7, '[1, 1, 1]', 58),
  (246, 'dahaad_shardgreaves', 'Dahaad Shardgreaves β', 'legs', 60, -3, 2, -1, 2, -1, 7, '[2]', 58),
  (247, 'barina_headgear', 'Barina Headgear', 'head', 8, -3, 3, 0, 0, 3, 1, '[]', 59),
  (248, 'barina_mail', 'Barina Mail', 'chest', 8, -3, 3, 0, 0, 3, 1, '[]', 59),
  (249, 'barina_vambraces', 'Barina Vambraces', 'arms', 8, -3, 3, 0, 0, 3, 1, '[]', 59),
  (250, 'barina_coil', 'Barina Coil', 'waist', 8, -3, 3, 0, 0, 3, 1, '[]', 59),
  (251, 'barina_greaves', 'Barina Greaves', 'legs', 8, -3, 3, 0, 0, 3, 1, '[]', 59),
  (252, 'hope_mask', 'Hope Mask', 'head', 2, 1, 0, 1, 0, 0, 1, '[]', 60),
  (253, 'hope_mail', 'Hope Mail', 'chest', 2, 1, 0, 1, 0, 0, 1, '[]', 60),
  (254, 'hope_vambraces', 'Hope Vambraces', 'arms', 2, 1, 0, 1, 0, 0, 1, '[]', 60),
  (255, 'hope_coil', 'Hope Coil', 'waist', 2, 1, 0, 1, 0, 0, 1, '[]', 60),
  (256, 'hope_greaves', 'Hope Greaves', 'legs', 2, 1, 0, 1, 0, 0, 1, '[]', 60),
  (257, 'leather_headgear', 'Leather Headgear', 'head', 2, 2, 0, 0, 0, 0, 1, '[]', 61),
  (258, 'leather_vest', 'Leather Vest', 'chest', 2, 2, 0, 0, 0, 0, 1, '[]', 61),
  (259, 'leather_gloves', 'Leather Gloves', 'arms', 2, 2, 0, 0, 0, 0, 1, '[]', 61),
  (260, 'leather_belt', 'Leather Belt', 'waist', 2, 2, 0, 0, 0, 0, 1, '[]', 61),
  (261, 'leather_pants', 'Leather Pants', 'legs', 2, 2, 0, 0, 0, 0, 1, '[]', 61),
  (262, 'chainmail_headgear', 'Chainmail Headgear', 'head', 2, 0, 2, 0, 0, 0, 1, '[]', 62),
  (263, 'chainmail_vest', 'Chainmail Vest', 'chest', 2, 0, 2, 0, 0, 0, 1, '[]', 62),
  (264, 'chainmail_gloves', 'Chainmail Gloves', 'arms', 2, 0, 2, 0, 0, 0, 1, '[]', 62),
  (265, 'chainmail_belt', 'Chainmail Belt', 'waist', 2, 0, 2, 0, 0, 0, 1, '[]', 62),
  (266, 'chainmail_pants', 'Chainmail Pants', 'legs', 2, 0, 2, 0, 0, 0, 1, '[]', 62),
  (267, 'bone_helm', 'Bone Helm', 'head', 4, 2, 0, 2, 0, 2, 1, '[]', 63),
  (268, 'bone_mail', 'Bone Mail', 'chest', 4, 2, 0, 2, 0, 2, 1, '[]', 63),
  (269, 'bone_vambraces', 'Bone Vambraces', 'arms', 4, 2, 0, 2, 0, 2, 1, '[]', 63),
  (270, 'bone_coil', 'Bone Coil', 'waist', 4, 2, 0, 2, 0, 2, 1, '[]', 63),
  (271, 'bone_greaves', 'Bone Greaves', 'legs', 4, 2, 0, 2, 0, 2, 1, '[]', 63),
  (272, 'alloy_helm', 'Alloy Helm', 'head', 6, -2, 1, -2, -2, 1, 1, '[]', 64),
  (273, 'alloy_mail', 'Alloy Mail', 'chest', 6, -2, 1, -2, -2, 1, 1, '[]', 64),
  (274, 'alloy_vambraces', 'Alloy Vambraces', 'arms', 6, -2, 1, -2, -2, 1, 1, '[]', 64),
  (275, 'alloy_coil', 'Alloy Coil', 'waist', 6, -2, 1, -2, -2, 1, 1, '[]', 64),
  (276, 'alloy_greaves', 'Alloy Greaves', 'legs', 6, -2, 1, -2, -2, 1, 1, '[]', 64),
  (277, 'ingot_helm', 'Ingot Helm', 'head', 16, -2, 0, 3, -1, 0, 3, '[]', 65),
  (278, 'ingot_mail', 'Ingot Mail', 'chest', 16, -2, 0, 3, -1, 0, 3, '[]', 65),
  (279, 'ingot_vambraces', 'Ingot Vambraces', 'arms', 16, -2, 0, 3, -1, 0, 3, '[]', 65),
  (280, 'ingot_coil', 'Ingot Coil', 'waist', 16, -2, 0, 3, -1, 0, 3, '[]', 65),
  (281, 'ingot_greaves', 'Ingot Greaves', 'legs', 16, -2, 0, 3, -1, 0, 3, '[]', 65),
  (282, 'talioth_vambraces', 'Talioth Vambraces', 'arms', 4, 4, -2, -2, -2, 2, 1, '[]', 66),
  (283, 'bulaqchi_specs', 'Bulaqchi Specs', 'head', 4, -4, 1, 1, -2, 4, 1, '[]', 67),
  (284, 'harvest_flor', 'Harvest Flor α', 'head', 36, 4, 1, 1, 1, 1, 5, '[1, 1]', 68),
  (285, 'harvest_tronco', 'Harvest Tronco α', 'chest', 36, 4, 1, 1, 1, 1, 5, '[]', 68),
  (286, 'harvest_trama', 'Harvest Trama α', 'arms', 36, 4, 1, 1, 1, 1, 5, '[]', 68),
  (287, 'harvest_hoja', 'Harvest Hoja α', 'waist', 36, 4, 1, 1, 1, 1, 5, '[1, 1]', 68),
  (288, 'harvest_raiz', 'Harvest Raiz α', 'legs', 36, 4, 1, 1, 1, 1, 5, '[2]', 68),
  (289, 'omega_ear_cuffs', 'Omega Ear Cuffs α', 'head', 68, 3, 0, -3, 2, -2, 8, '[3, 2]', 69),
  (290, 'omega_suit', 'Omega Suit α', 'chest', 68, 3, 0, -3, 2, -2, 8, '[3, 2]', 69),
  (291, 'omega_vambraces', 'Omega Vambraces α', 'arms', 68, 3, 0, -3, 2, -2, 8, '[3, 2]', 69),
  (292, 'omega_accessory', 'Omega Accessory α', 'waist', 68, 3, 0, -3, 2, -2, 8, '[3, 2]', 69),
  (293, 'omega_boots', 'Omega Boots α', 'legs', 68, 3, 0, -3, 2, -2, 8, '[3, 2]', 69),
  (294, 'half_rim_glasses', 'Half Rim Glasses α', 'head', 48, 2, 2, 2, 2, 2, 6, '[1]', 71),
  (295, 'skull_mask', 'Skull Mask α', 'head', 66, -3, -1, -1, -1, 2, 8, '[2]', 72),
  (296, 'earrings_of_dedication', 'Earrings of Dedication α', 'head', 48, 0, 0, 0, 0, 0, 6, '[2]', 74),
  (297, 'orion_cap', 'Orion Cap α', 'head', 66, 1, 1, 1, 4, 1, 8, '[3, 3, 1]', 75),
  (298, 'orion_vest', 'Orion Vest α', 'chest', 66, 1, 1, 1, 4, 1, 8, '[2, 2, 2]', 75),
  (299, 'orion_vambraces', 'Orion Vambraces α', 'arms', 66, 1, 1, 1, 4, 1, 8, '[3, 2, 1]', 75),
  (300, 'orion_coat', 'Orion Coat α', 'waist', 66, 1, 1, 1, 4, 1, 8, '[2, 2, 2]', 75),
  (301, 'orion_boots', 'Orion Boots α', 'legs', 66, 1, 1, 1, 4, 1, 8, '[2, 1, 1]', 75),
  (302, 'gogmazios_helm', 'Gogmazios Helm α', 'head', 68, -4, 3, 0, 3, -5, 8, '[3, 1]', 76),
  (303, 'gogmazios_mail', 'Gogmazios Mail α', 'chest', 68, -4, 3, 0, 3, -5, 8, '[3, 2]', 76),
  (304, 'gogmazios_vambraces', 'Gogmazios Vambraces α', 'arms', 68, -4, 3, 0, 3, -5, 8, '[2, 1]', 76),
  (305, 'gogmazios_coil', 'Gogmazios Coil α', 'waist', 68, -4, 3, 0, 3, -5, 8, '[2, 1, 1]', 76),
  (306, 'gogmazios_greaves', 'Gogmazios Greaves α', 'legs', 68, -4, 3, 0, 3, -5, 8, '[3, 2, 1]', 76),
  (307, 'azure_age_hair', 'Azure Age Hair α', 'head', 66, 2, 4, 0, 0, 3, 8, '[1, 1, 1]', 77),
  (308, 'azure_age_haori', 'Azure Age Haori α', 'chest', 66, 2, 4, 0, 0, 3, 8, '[3]', 77),
  (309, 'azure_age_sleeve', 'Azure Age Sleeve α', 'arms', 66, 2, 4, 0, 0, 3, 8, '[3]', 77),
  (310, 'azure_age_obi', 'Azure Age Obi α', 'waist', 66, 2, 4, 0, 0, 3, 8, '[2, 1]', 77),
  (311, 'azure_age_geta', 'Azure Age Geta α', 'legs', 66, 2, 4, 0, 0, 3, 8, '[2, 1]', 77),
  (312, 'demon_prayer_beads', 'Demon Prayer Beads α', 'head', 48, 3, -2, 0, -2, 3, 6, '[2, 2, 1]', 78),
  (313, 'demon_garb', 'Demon Garb α', 'chest', 48, 3, -2, 0, -2, 3, 6, '[3, 1]', 78),
  (314, 'demon_arm_wraps', 'Demon Arm Wraps α', 'arms', 48, 3, -2, 0, -2, 3, 6, '[2, 2, 1]', 78),
  (315, 'demon_belt', 'Demon Belt α', 'waist', 48, 3, -2, 0, -2, 3, 6, '[3, 1]', 78),
  (316, 'demon_pants', 'Demon Pants α', 'legs', 48, 3, -2, 0, -2, 3, 6, '[2, 2, 1]', 78),
  (317, 'gogmazios_helm', 'Gogmazios Helm β', 'head', 68, -4, 3, 0, 3, -5, 8, '[3, 1]', 79),
  (318, 'gogmazios_mail', 'Gogmazios Mail β', 'chest', 68, -4, 3, 0, 3, -5, 8, '[3, 2]', 79),
  (319, 'gogmazios_vambraces', 'Gogmazios Vambraces β', 'arms', 68, -4, 3, 0, 3, -5, 8, '[2, 1]', 79),
  (320, 'gogmazios_coil', 'Gogmazios Coil β', 'waist', 68, -4, 3, 0, 3, -5, 8, '[2, 1, 1]', 79),
  (321, 'gogmazios_greaves', 'Gogmazios Greaves β', 'legs', 68, -4, 3, 0, 3, -5, 8, '[3, 2, 1]', 79),
  (322, 'rompomask', 'Rompomask α', 'head', 68, 0, -3, 0, 0, 1, 8, '[]', 81),
  (323, 'eager_wudwud', 'Eager Wudwud α', 'head', 66, 2, 2, 2, 2, 2, 8, '[]', 82),
  (324, 'guild_cross_circlet', 'Guild Cross Circlet α', 'head', 36, 0, 0, 0, 0, 0, 5, '[1]', 83),
  (325, 'guild_cross_suit', 'Guild Cross Suit α', 'chest', 36, 0, 0, 0, 0, 0, 5, '[2, 1]', 83),
  (326, 'guild_cross_vambraces', 'Guild Cross Vambraces α', 'arms', 36, 0, 0, 0, 0, 0, 5, '[2]', 83),
  (327, 'guild_cross_coil', 'Guild Cross Coil α', 'waist', 36, 0, 0, 0, 0, 0, 5, '[2]', 83),
  (328, 'guild_cross_boots', 'Guild Cross Boots α', 'legs', 36, 0, 0, 0, 0, 0, 5, '[2, 2]', 83),
  (329, 'sealed_eyepatch', 'Sealed Eyepatch α', 'head', 60, 3, 2, 0, 2, 0, 7, '[3, 3]', 84),
  (330, 'square_glasses', 'Square Glasses α', 'head', 48, 2, 2, 2, 2, 2, 6, '[1, 1]', 85),
  (331, 'afi_crown', 'Afi Crown α', 'head', 36, 2, -3, 2, 2, 2, 5, '[2]', 88),
  (332, 'afi_top', 'Afi Top α', 'chest', 36, 2, -3, 2, 2, 2, 5, '[2]', 88),
  (333, 'afi_armguards', 'Afi Armguards α', 'arms', 36, 2, -3, 2, 2, 2, 5, '[1]', 88),
  (334, 'afi_wrap', 'Afi Wrap α', 'waist', 36, 2, -3, 2, 2, 2, 5, '[]', 88),
  (335, 'afi_sandals', 'Afi Sandals α', 'legs', 36, 2, -3, 2, 2, 2, 5, '[1, 1]', 88),
  (336, 'hawkheart_jacket', 'Hawkheart Jacket α', 'chest', 48, 0, 0, 0, 0, 0, 6, '[1]', 89),
  (337, 'toe_bean_mittens', 'Toe Bean Mittens α', 'arms', 60, 2, 2, 2, 2, 2, 7, '[1]', 90),
  (338, 'gelidron_mask', 'Gelidron Mask α', 'head', 66, 4, 2, -4, -2, 0, 8, '[3, 1, 1]', 91),
  (339, 'gelidron_backpack', 'Gelidron Backpack α', 'chest', 66, 4, 2, -4, -2, 0, 8, '[3, 1]', 91),
  (340, 'round_glasses', 'Round Glasses α', 'head', 60, 0, 4, 2, 0, 4, 7, '[1, 1]', 92),
  (341, 'pinion_necklace', 'Pinion Necklace α', 'chest', 60, 0, 0, 0, 0, 0, 7, '[]', 94),
  (342, 'gourmands_earring', 'Gourmand''s Earring α', 'head', 36, 0, 0, 0, 0, 0, 5, '[1]', 95),
  (343, 'mizutsune_helm', 'Mizutsune Helm β', 'head', 48, 0, 2, -3, 1, -1, 6, '[3, 2]', 96),
  (344, 'mizutsune_mail', 'Mizutsune Mail β', 'chest', 48, 0, 2, -3, 1, -1, 6, '[2, 2]', 96),
  (345, 'mizutsune_braces', 'Mizutsune Braces β', 'arms', 48, 0, 2, -3, 1, -1, 6, '[3]', 96),
  (346, 'mizutsune_coil', 'Mizutsune Coil β', 'waist', 48, 0, 2, -3, 1, -1, 6, '[3, 2, 1]', 96),
  (347, 'mizutsune_greaves', 'Mizutsune Greaves β', 'legs', 48, 0, 2, -3, 1, -1, 6, '[3]', 96),
  (348, 'blessed_waistchain', 'Blessed Waistchain α', 'waist', 66, 2, 2, 0, -2, 3, 8, '[3]', 97),
  (349, 'sororal_earrings', 'Sororal Earrings α', 'head', 66, 4, 1, 1, 1, 3, 8, '[3, 1, 1]', 98),
  (350, 'sororal_coat', 'Sororal Coat α', 'chest', 66, 4, 1, 1, 1, 3, 8, '[]', 98),
  (351, 'sororal_vambraces', 'Sororal Vambraces α', 'arms', 66, 4, 1, 1, 1, 3, 8, '[2]', 98),
  (352, 'sororal_coil', 'Sororal Coil α', 'waist', 66, 4, 1, 1, 1, 3, 8, '[]', 98),
  (353, 'sororal_boots', 'Sororal Boots α', 'legs', 66, 4, 1, 1, 1, 3, 8, '[3, 2]', 98),
  (354, 'sakuratide_headgear', 'Sakuratide Headgear α', 'head', 36, 2, 2, -3, 2, 2, 5, '[]', 99),
  (355, 'sakuratide_robe', 'Sakuratide Robe α', 'chest', 36, 2, 2, -3, 2, 2, 5, '[2]', 99),
  (356, 'sakuratide_bracers', 'Sakuratide Bracers α', 'arms', 36, 2, 2, -3, 2, 2, 5, '[2, 1]', 99),
  (357, 'sakuratide_obi', 'Sakuratide Obi α', 'waist', 36, 2, 2, -3, 2, 2, 5, '[2, 1]', 99),
  (358, 'sakuratide_hakama', 'Sakuratide Hakama α', 'legs', 36, 2, 2, -3, 2, 2, 5, '[2]', 99),
  (359, 'dahaad_shardhelm', 'Dahaad Shardhelm γ', 'head', 68, -3, 2, -1, 2, -1, 8, '[3, 3]', 100),
  (360, 'dahaad_shardmail', 'Dahaad Shardmail γ', 'chest', 68, -3, 2, -1, 2, -1, 8, '[2, 2]', 100),
  (361, 'dahaad_shardbraces', 'Dahaad Shardbraces γ', 'arms', 68, -3, 2, -1, 2, -1, 8, '[2]', 100),
  (362, 'dahaad_shardcoil', 'Dahaad Shardcoil γ', 'waist', 68, -3, 2, -1, 2, -1, 8, '[1]', 100),
  (363, 'dahaad_shardgreaves', 'Dahaad Shardgreaves γ', 'legs', 68, -3, 2, -1, 2, -1, 8, '[2]', 100),
  (364, 'strategist_spectacles', 'Strategist Spectacles α', 'head', 48, 2, 2, 2, 2, 2, 6, '[2, 1, 1]', 101),
  (365, 'amstrigian', 'Amstrigian α', 'head', 36, -2, 2, 1, -2, 3, 5, '[]', 102),
  (366, 'doshagumask', 'Doshagumask α', 'head', 48, -3, 2, -1, -1, 4, 6, '[]', 103),
  (367, 'clerk_visor', 'Clerk Visor α', 'head', 48, 2, 2, 2, 2, 2, 6, '[2, 1]', 104),
  (368, 'clerk_suit', 'Clerk Suit α', 'chest', 48, 2, 2, 2, 2, 2, 6, '[2, 1]', 104),
  (369, 'clerk_vambraces', 'Clerk Vambraces α', 'arms', 48, 2, 2, 2, 2, 2, 6, '[2, 1]', 104),
  (370, 'clerk_belt', 'Clerk Belt α', 'waist', 48, 2, 2, 2, 2, 2, 6, '[1]', 104),
  (371, 'clerk_shoes', 'Clerk Shoes α', 'legs', 48, 2, 2, 2, 2, 2, 6, '[2, 2]', 104),
  (372, 'udra_mirehelm', 'Udra Mirehelm γ', 'head', 68, 5, -4, 0, 1, 0, 8, '[1, 1, 1]', 106),
  (373, 'udra_miremail', 'Udra Miremail γ', 'chest', 68, 5, -4, 0, 1, 0, 8, '[3, 3]', 106),
  (374, 'udra_mirebraces', 'Udra Mirebraces γ', 'arms', 68, 5, -4, 0, 1, 0, 8, '[3, 1, 1]', 106),
  (375, 'udra_mirecoil', 'Udra Mirecoil γ', 'waist', 68, 5, -4, 0, 1, 0, 8, '[2]', 106),
  (376, 'udra_miregreaves', 'Udra Miregreaves γ', 'legs', 68, 5, -4, 0, 1, 0, 8, '[2]', 106),
  (377, 'blossom_headgear', 'Blossom Headgear α', 'head', 36, 1, 1, 4, 1, 1, 5, '[2, 1]', 107),
  (378, 'blossom_vest', 'Blossom Vest α', 'chest', 36, 1, 1, 4, 1, 1, 5, '[2, 1, 1]', 107),
  (379, 'blossom_cuffs', 'Blossom Cuffs α', 'arms', 36, 1, 1, 4, 1, 1, 5, '[1, 1, 1]', 107),
  (380, 'blossom_coat', 'Blossom Coat α', 'waist', 36, 1, 1, 4, 1, 1, 5, '[2, 2]', 107),
  (381, 'blossom_boots', 'Blossom Boots α', 'legs', 36, 1, 1, 4, 1, 1, 5, '[1, 1]', 107),
  (382, 'lagiacrus_helm', 'Lagiacrus Helm β', 'head', 64, -3, 2, 4, -1, -2, 7, '[3, 2, 1]', 109),
  (383, 'lagiacrus_mail', 'Lagiacrus Mail β', 'chest', 64, -3, 2, 4, -1, -2, 7, '[2, 2, 1]', 109),
  (384, 'lagiacrus_braces', 'Lagiacrus Braces β', 'arms', 64, -3, 2, 4, -1, -2, 7, '[3]', 109),
  (385, 'lagiacrus_coil', 'Lagiacrus Coil β', 'waist', 64, -3, 2, 4, -1, -2, 7, '[2, 2, 1]', 109),
  (386, 'lagiacrus_greaves', 'Lagiacrus Greaves β', 'legs', 64, -3, 2, 4, -1, -2, 7, '[1]', 109),
  (387, 'numinous_crown', 'Numinous Crown β', 'head', 68, -2, 2, 2, 0, -4, 8, '[3, 2, 1]', 110),
  (388, 'numinous_shroud', 'Numinous Shroud β', 'chest', 68, -2, 2, 2, 0, -4, 8, '[3]', 110),
  (389, 'numinous_vambraces', 'Numinous Vambraces β', 'arms', 68, -2, 2, 2, 0, -4, 8, '[3, 1]', 110),
  (390, 'numinous_overlay', 'Numinous Overlay β', 'waist', 68, -2, 2, 2, 0, -4, 8, '[2]', 110),
  (391, 'numinous_greaves', 'Numinous Greaves β', 'legs', 68, -2, 2, 2, 0, -4, 8, '[3, 2]', 110),
  (392, 'bale_burgeonet', 'Bale Burgeonet α', 'head', 68, 2, 0, -2, 0, 3, 8, '[1, 1]', 111),
  (393, 'bale_cuirass', 'Bale Cuirass α', 'chest', 68, 2, 0, -2, 0, 3, 8, '[2]', 111),
  (394, 'bale_gauntlets', 'Bale Gauntlets α', 'arms', 68, 2, 0, -2, 0, 3, 8, '[3]', 111),
  (395, 'bale_flanchard', 'Bale Flanchard α', 'waist', 68, 2, 0, -2, 0, 3, 8, '[3, 2, 1]', 111),
  (396, 'bale_sollerets', 'Bale Sollerets α', 'legs', 68, 2, 0, -2, 0, 3, 8, '[2]', 111),
  (397, 'arkvulcan_helm', 'Arkvulcan Helm γ', 'head', 68, 2, 0, -1, 0, -3, 8, '[2, 1]', 113),
  (398, 'arkvulcan_mail', 'Arkvulcan Mail γ', 'chest', 68, 2, 0, -1, 0, -3, 8, '[3, 2]', 113),
  (399, 'arkvulcan_vambraces', 'Arkvulcan Vambraces γ', 'arms', 68, 2, 0, -1, 0, -3, 8, '[1, 1]', 113),
  (400, 'arkvulcan_coil', 'Arkvulcan Coil γ', 'waist', 68, 2, 0, -1, 0, -3, 8, '[2, 2, 1]', 113),
  (401, 'arkvulcan_greaves', 'Arkvulcan Greaves γ', 'legs', 68, 2, 0, -1, 0, -3, 8, '[3, 3]', 113),
  (402, 'sealed_dragon_cloth', 'Sealed Dragon Cloth α', 'head', 48, -3, 0, 0, 1, 5, 6, '[]', 114),
  (403, 'analytic_e_y_e', 'Analytic E.Y.E. α', 'head', 66, 4, 2, 4, 0, 0, 8, '[2, 2]', 115),
  (404, 'gala_suit_top_hat', 'Gala Suit Top Hat α', 'head', 66, 1, 1, 1, 1, 4, 8, '[3, 2]', 116),
  (405, 'gala_suit_jacket', 'Gala Suit Jacket α', 'chest', 66, 1, 1, 1, 1, 4, 8, '[2, 2, 1]', 116),
  (406, 'gala_suit_cuffs', 'Gala Suit Cuffs α', 'arms', 66, 1, 1, 1, 1, 4, 8, '[1, 1]', 116),
  (407, 'gala_suit_tail', 'Gala Suit Tail α', 'waist', 66, 1, 1, 1, 1, 4, 8, '[3, 1]', 116),
  (408, 'gala_suit_slacks', 'Gala Suit Slacks α', 'legs', 66, 1, 1, 1, 1, 4, 8, '[3, 2, 1]', 116),
  (409, 'kitten_frames', 'Kitten Frames α', 'head', 66, 2, 0, 4, 0, 4, 8, '[]', 118),
  (410, 'dreamwalker_helm', 'Dreamwalker Helm α', 'head', 36, -3, 2, 2, 2, 2, 5, '[]', 119),
  (411, 'dreamwalker_mail', 'Dreamwalker Mail α', 'chest', 36, -3, 2, 2, 2, 2, 5, '[2]', 119),
  (412, 'dreamwalker_braces', 'Dreamwalker Braces α', 'arms', 36, -3, 2, 2, 2, 2, 5, '[2, 1]', 119),
  (413, 'dreamwalker_coil', 'Dreamwalker Coil α', 'waist', 36, -3, 2, 2, 2, 2, 5, '[]', 119),
  (414, 'dreamwalker_greaves', 'Dreamwalker Greaves α', 'legs', 36, -3, 2, 2, 2, 2, 5, '[1, 1]', 119),
  (415, 'duna_wildhelm', 'Duna Wildhelm γ', 'head', 68, -1, 4, -3, 0, 0, 8, '[2, 2]', 120),
  (416, 'duna_wildmail', 'Duna Wildmail γ', 'chest', 68, -1, 4, -3, 0, 0, 8, '[]', 120),
  (417, 'duna_wildbraces', 'Duna Wildbraces γ', 'arms', 68, -1, 4, -3, 0, 0, 8, '[2]', 120),
  (418, 'duna_wildcoil', 'Duna Wildcoil γ', 'waist', 68, -1, 4, -3, 0, 0, 8, '[3, 3]', 120),
  (419, 'duna_wildgreaves', 'Duna Wildgreaves γ', 'legs', 68, -1, 4, -3, 0, 0, 8, '[3, 1, 1]', 120),
  (420, 'aviator_shades', 'Aviator Shades α', 'head', 66, 2, 2, 2, 2, 2, 8, '[1, 1, 1]', 121),
  (421, 'shadow_shades', 'Shadow Shades α', 'head', 60, 4, 0, 4, 2, 0, 7, '[3]', 122),
  (422, 'mizutsune_helm', 'Mizutsune Helm α', 'head', 48, 0, 2, -3, 1, -1, 6, '[3]', 123),
  (423, 'mizutsune_mail', 'Mizutsune Mail α', 'chest', 48, 0, 2, -3, 1, -1, 6, '[1]', 123),
  (424, 'mizutsune_braces', 'Mizutsune Braces α', 'arms', 48, 0, 2, -3, 1, -1, 6, '[1]', 123),
  (425, 'mizutsune_coil', 'Mizutsune Coil α', 'waist', 48, 0, 2, -3, 1, -1, 6, '[2, 1]', 123),
  (426, 'mizutsune_greaves', 'Mizutsune Greaves α', 'legs', 48, 0, 2, -3, 1, -1, 6, '[1]', 123),
  (427, 'lovely_shades', 'Lovely Shades α', 'head', 48, 4, 0, 4, 0, 2, 6, '[1]', 124),
  (428, 'mirror_visor', 'Mirror Visor α', 'head', 66, 0, 0, 2, 4, 4, 8, '[3]', 125),
  (429, 'numinous_crown', 'Numinous Crown α', 'head', 68, -2, 2, 2, 0, -4, 8, '[3, 2]', 126),
  (430, 'numinous_shroud', 'Numinous Shroud α', 'chest', 68, -2, 2, 2, 0, -4, 8, '[1]', 126),
  (431, 'numinous_vambraces', 'Numinous Vambraces α', 'arms', 68, -2, 2, 2, 0, -4, 8, '[2]', 126),
  (432, 'numinous_overlay', 'Numinous Overlay α', 'waist', 68, -2, 2, 2, 0, -4, 8, '[]', 126),
  (433, 'numinous_greaves', 'Numinous Greaves α', 'legs', 68, -2, 2, 2, 0, -4, 8, '[2, 1]', 126),
  (434, 'lagiacrus_helm', 'Lagiacrus Helm α', 'head', 64, -3, 2, 4, -1, -2, 7, '[2, 1]', 127),
  (435, 'lagiacrus_mail', 'Lagiacrus Mail α', 'chest', 64, -3, 2, 4, -1, -2, 7, '[2, 1]', 127),
  (436, 'lagiacrus_braces', 'Lagiacrus Braces α', 'arms', 64, -3, 2, 4, -1, -2, 7, '[2]', 127),
  (437, 'lagiacrus_coil', 'Lagiacrus Coil α', 'waist', 64, -3, 2, 4, -1, -2, 7, '[2, 1, 1]', 127),
  (438, 'lagiacrus_greaves', 'Lagiacrus Greaves α', 'legs', 64, -3, 2, 4, -1, -2, 7, '[]', 127),
  (439, 'ceremonial_helm', 'Ceremonial Helm α', 'head', 36, 2, 2, 2, -3, 2, 5, '[2, 1]', 129),
  (440, 'ceremonial_mail', 'Ceremonial Mail α', 'chest', 36, 2, 2, 2, -3, 2, 5, '[1]', 129),
  (441, 'ceremonial_vambraces', 'Ceremonial Vambraces α', 'arms', 36, 2, 2, 2, -3, 2, 5, '[2]', 129),
  (442, 'ceremonial_coil', 'Ceremonial Coil α', 'waist', 36, 2, 2, 2, -3, 2, 5, '[1, 1]', 129),
  (443, 'ceremonial_greaves', 'Ceremonial Greaves α', 'legs', 36, 2, 2, 2, -3, 2, 5, '[2]', 129),
  (444, 'divers_mask', 'Diver''s Mask α', 'head', 36, 1, 4, 1, 1, 1, 5, '[2]', 130),
  (445, 'divers_suit', 'Diver''s Suit α', 'chest', 36, 1, 4, 1, 1, 1, 5, '[1, 1]', 130),
  (446, 'divers_braces', 'Diver''s Braces α', 'arms', 36, 1, 4, 1, 1, 1, 5, '[2]', 130),
  (447, 'divers_belt', 'Diver''s Belt α', 'waist', 36, 1, 4, 1, 1, 1, 5, '[1, 1, 1]', 130),
  (448, 'divers_boots', 'Diver''s Boots α', 'legs', 36, 1, 4, 1, 1, 1, 5, '[2, 1]', 130),
  (449, 'faux_felyne', 'Faux Felyne α', 'head', 36, 2, 2, 2, 2, 2, 5, '[]', 131),
  (450, 'rey_sandhelm', 'Rey Sandhelm γ', 'head', 68, 0, -2, 4, -3, 0, 8, '[3]', 132),
  (451, 'rey_sandmail', 'Rey Sandmail γ', 'chest', 68, 0, -2, 4, -3, 0, 8, '[1]', 132),
  (452, 'rey_sandbraces', 'Rey Sandbraces γ', 'arms', 68, 0, -2, 4, -3, 0, 8, '[3, 3]', 132),
  (453, 'rey_sandcoil', 'Rey Sandcoil γ', 'waist', 68, 0, -2, 4, -3, 0, 8, '[]', 132),
  (454, 'rey_sandgreaves', 'Rey Sandgreaves γ', 'legs', 68, 0, -2, 4, -3, 0, 8, '[3]', 132),
  (455, 'expedition_headgear', 'Expedition Headgear α', 'head', 40, 1, 1, 1, 1, 1, 5, '[1]', 133),
  (456, 'barina_headgear', 'Barina Headgear α', 'head', 36, -3, 3, 0, 0, 3, 5, '[]', 134),
  (457, 'barina_mail', 'Barina Mail α', 'chest', 36, -3, 3, 0, 0, 3, 5, '[]', 134),
  (458, 'barina_vambraces', 'Barina Vambraces α', 'arms', 36, -3, 3, 0, 0, 3, 5, '[]', 134),
  (459, 'barina_coil', 'Barina Coil α', 'waist', 36, -3, 3, 0, 0, 3, 5, '[2]', 134),
  (460, 'barina_greaves', 'Barina Greaves α', 'legs', 36, -3, 3, 0, 0, 3, 5, '[]', 134),
  (461, 'balahara_helm', 'Balahara Helm β', 'head', 38, -1, 2, -3, 1, 1, 5, '[2]', 135),
  (462, 'balahara_mail', 'Balahara Mail β', 'chest', 38, -1, 2, -3, 1, 1, 5, '[1, 1, 1]', 135),
  (463, 'balahara_vambraces', 'Balahara Vambraces β', 'arms', 38, -1, 2, -3, 1, 1, 5, '[2]', 135),
  (464, 'balahara_coil', 'Balahara Coil β', 'waist', 38, -1, 2, -3, 1, 1, 5, '[1, 1]', 135),
  (465, 'balahara_greaves', 'Balahara Greaves β', 'legs', 38, -1, 2, -3, 1, 1, 5, '[1, 1, 1]', 135),
  (466, 'g_doshaguma_helm', 'G. Doshaguma Helm β', 'head', 48, -3, 2, -1, -2, 2, 6, '[2, 2, 1]', 136),
  (467, 'g_doshaguma_mail', 'G. Doshaguma Mail β', 'chest', 48, -3, 2, -1, -2, 2, 6, '[2, 2]', 136),
  (468, 'g_doshaguma_braces', 'G. Doshaguma Braces β', 'arms', 48, -3, 2, -1, -2, 2, 6, '[2, 2, 1]', 136),
  (469, 'g_doshaguma_coil', 'G. Doshaguma Coil β', 'waist', 48, -3, 2, -1, -2, 2, 6, '[2, 1]', 136),
  (470, 'g_doshaguma_greaves', 'G. Doshaguma Greaves β', 'legs', 48, -3, 2, -1, -2, 2, 6, '[2, 1]', 136),
  (471, 'g_ebony_helm', 'G. Ebony Helm β', 'head', 48, -2, -3, -2, -2, 4, 6, '[2]', 137),
  (472, 'g_ebony_mail', 'G. Ebony Mail β', 'chest', 48, -2, -3, -2, -2, 4, 6, '[2, 2]', 137),
  (473, 'g_ebony_braces', 'G. Ebony Braces β', 'arms', 48, -2, -3, -2, -2, 4, 6, '[2, 1]', 137),
  (474, 'g_ebony_coil', 'G. Ebony Coil β', 'waist', 48, -2, -3, -2, -2, 4, 6, '[2, 1]', 137),
  (475, 'g_ebony_greaves', 'G. Ebony Greaves β', 'legs', 48, -2, -3, -2, -2, 4, 6, '[2, 1]', 137),
  (476, 'doshaguma_helm', 'Doshaguma Helm β', 'head', 48, -3, 2, -1, -1, 4, 6, '[2, 1, 1]', 138),
  (477, 'doshaguma_mail', 'Doshaguma Mail β', 'chest', 48, -3, 2, -1, -1, 4, 6, '[1, 1, 1]', 138),
  (478, 'doshaguma_braces', 'Doshaguma Braces β', 'arms', 48, -3, 2, -1, -1, 4, 6, '[2, 1]', 138),
  (479, 'doshaguma_coil', 'Doshaguma Coil β', 'waist', 48, -3, 2, -1, -1, 4, 6, '[2, 2]', 138),
  (480, 'doshaguma_greaves', 'Doshaguma Greaves β', 'legs', 48, -3, 2, -1, -1, 4, 6, '[2, 1, 1]', 138),
  (481, 'piragill_greaves', 'Piragill Greaves β', 'legs', 32, -3, 4, -3, 1, 1, 5, '[2]', 139),
  (482, 'g_arkveld_helm', 'G. Arkveld Helm α', 'head', 66, 2, 0, -1, 0, -4, 8, '[1, 1]', 140),
  (483, 'g_arkveld_mail', 'G. Arkveld Mail α', 'chest', 66, 2, 0, -1, 0, -4, 8, '[]', 140),
  (484, 'g_arkveld_vambraces', 'G. Arkveld Vambraces α', 'arms', 66, 2, 0, -1, 0, -4, 8, '[1]', 140),
  (485, 'g_arkveld_coil', 'G. Arkveld Coil α', 'waist', 66, 2, 0, -1, 0, -4, 8, '[]', 140),
  (486, 'g_arkveld_greaves', 'G. Arkveld Greaves α', 'legs', 66, 2, 0, -1, 0, -4, 8, '[]', 140),
  (487, 'g_seikret_coil', 'G. Seikret Coil α', 'waist', 44, 0, 0, 4, 0, -3, 6, '[1]', 141),
  (488, 'chatacabra_helm', 'Chatacabra Helm β', 'head', 36, 1, 2, -3, -1, 1, 5, '[2]', 142),
  (489, 'chatacabra_mail', 'Chatacabra Mail β', 'chest', 36, 1, 2, -3, -1, 1, 5, '[1, 1, 1]', 142),
  (490, 'chatacabra_vambraces', 'Chatacabra Vambraces β', 'arms', 36, 1, 2, -3, -1, 1, 5, '[2]', 142),
  (491, 'chatacabra_coil', 'Chatacabra Coil β', 'waist', 36, 1, 2, -3, -1, 1, 5, '[1, 1]', 142),
  (492, 'chatacabra_greaves', 'Chatacabra Greaves β', 'legs', 36, 1, 2, -3, -1, 1, 5, '[1]', 142),
  (493, 'piragill_greaves', 'Piragill Greaves α', 'legs', 32, -3, 4, -3, 1, 1, 5, '[]', 143),
  (494, 'quematrice_helm', 'Quematrice Helm α', 'head', 36, 2, -3, 0, -1, 0, 5, '[1]', 144),
  (495, 'quematrice_mail', 'Quematrice Mail α', 'chest', 36, 2, -3, 0, -1, 0, 5, '[]', 144),
  (496, 'quematrice_braces', 'Quematrice Braces α', 'arms', 36, 2, -3, 0, -1, 0, 5, '[1, 1]', 144),
  (497, 'quematrice_coil', 'Quematrice Coil α', 'waist', 36, 2, -3, 0, -1, 0, 5, '[]', 144),
  (498, 'quematrice_greaves', 'Quematrice Greaves α', 'legs', 36, 2, -3, 0, -1, 0, 5, '[1]', 144),
  (499, 'commission_helm', 'Commission Helm α', 'head', 44, 2, 2, 0, 0, 0, 6, '[1]', 145),
  (500, 'commission_mail', 'Commission Mail α', 'chest', 44, 2, 2, 0, 0, 0, 6, '[1]', 145),
  (501, 'commission_vambraces', 'Commission Vambraces α', 'arms', 44, 2, 2, 0, 0, 0, 6, '[1]', 145),
  (502, 'commission_coil', 'Commission Coil α', 'waist', 44, 2, 2, 0, 0, 0, 6, '[1]', 145),
  (503, 'commission_greaves', 'Commission Greaves α', 'legs', 44, 2, 2, 0, 0, 0, 6, '[1]', 145),
  (504, 'udra_mirehelm', 'Udra Mirehelm β', 'head', 60, 5, -4, 0, 1, 0, 7, '[2, 2]', 146),
  (505, 'udra_miremail', 'Udra Miremail β', 'chest', 60, 5, -4, 0, 1, 0, 7, '[3, 1, 1]', 146),
  (506, 'udra_mirebraces', 'Udra Mirebraces β', 'arms', 60, 5, -4, 0, 1, 0, 7, '[3, 1]', 146),
  (507, 'udra_mirecoil', 'Udra Mirecoil β', 'waist', 60, 5, -4, 0, 1, 0, 7, '[3]', 146),
  (508, 'udra_miregreaves', 'Udra Miregreaves β', 'legs', 60, 5, -4, 0, 1, 0, 7, '[3, 1]', 146),
  (509, 'comaqchi_accessory', 'Comaqchi Accessory', 'head', 16, -5, 0, 0, 3, 3, 3, '[]', 147),
  (510, 'blango_helm', 'Blango Helm α', 'head', 48, -4, 1, 0, 4, 0, 6, '[1, 1]', 148),
  (511, 'blango_mail', 'Blango Mail α', 'chest', 48, -4, 1, 0, 4, 0, 6, '[]', 148),
  (512, 'blango_vambraces', 'Blango Vambraces α', 'arms', 48, -4, 1, 0, 4, 0, 6, '[2]', 148),
  (513, 'blango_coil', 'Blango Coil α', 'waist', 48, -4, 1, 0, 4, 0, 6, '[1]', 148),
  (514, 'blango_greaves', 'Blango Greaves α', 'legs', 48, -4, 1, 0, 4, 0, 6, '[1, 1]', 148),
  (515, 'kut_ku_helm', 'Kut-Ku Helm β', 'head', 36, 3, 0, -2, -4, 2, 5, '[2, 1]', 149),
  (516, 'kut_ku_mail', 'Kut-Ku Mail β', 'chest', 36, 3, 0, -2, -4, 2, 5, '[2]', 149),
  (517, 'kut_ku_vambraces', 'Kut-Ku Vambraces β', 'arms', 36, 3, 0, -2, -4, 2, 5, '[2, 1, 1]', 149),
  (518, 'kut_ku_coil', 'Kut-Ku Coil β', 'waist', 36, 3, 0, -2, -4, 2, 5, '[1]', 149),
  (519, 'kut_ku_greaves', 'Kut-Ku Greaves β', 'legs', 36, 3, 0, -2, -4, 2, 5, '[2, 1]', 149),
  (520, 'g_doshaguma_helm', 'G. Doshaguma Helm α', 'head', 48, -3, 2, -1, -2, 2, 6, '[2, 1]', 150),
  (521, 'g_doshaguma_mail', 'G. Doshaguma Mail α', 'chest', 48, -3, 2, -1, -2, 2, 6, '[2, 1]', 150),
  (522, 'g_doshaguma_braces', 'G. Doshaguma Braces α', 'arms', 48, -3, 2, -1, -2, 2, 6, '[1, 1, 1]', 150),
  (523, 'g_doshaguma_coil', 'G. Doshaguma Coil α', 'waist', 48, -3, 2, -1, -2, 2, 6, '[2]', 150),
  (524, 'g_doshaguma_greaves', 'G. Doshaguma Greaves α', 'legs', 48, -3, 2, -1, -2, 2, 6, '[2]', 150),
  (525, 'rey_sandhelm', 'Rey Sandhelm β', 'head', 60, 0, -2, 4, -3, 0, 7, '[3]', 151),
  (526, 'rey_sandmail', 'Rey Sandmail β', 'chest', 60, 0, -2, 4, -3, 0, 7, '[2, 1, 1]', 151),
  (527, 'rey_sandbraces', 'Rey Sandbraces β', 'arms', 60, 0, -2, 4, -3, 0, 7, '[3]', 151),
  (528, 'rey_sandcoil', 'Rey Sandcoil β', 'waist', 60, 0, -2, 4, -3, 0, 7, '[3, 1]', 151),
  (529, 'rey_sandgreaves', 'Rey Sandgreaves β', 'legs', 60, 0, -2, 4, -3, 0, 7, '[3, 1, 1]', 151),
  (530, 'g_ebony_helm', 'G. Ebony Helm', 'head', 26, -2, -3, -2, -2, 4, 4, '[1]', 152),
  (531, 'g_ebony_mail', 'G. Ebony Mail', 'chest', 26, -2, -3, -2, -2, 4, 4, '[1]', 152),
  (532, 'g_ebony_braces', 'G. Ebony Braces', 'arms', 26, -2, -3, -2, -2, 4, 4, '[1]', 152),
  (533, 'g_ebony_coil', 'G. Ebony Coil', 'waist', 26, -2, -3, -2, -2, 4, 4, '[]', 152),
  (534, 'g_ebony_greaves', 'G. Ebony Greaves', 'legs', 26, -2, -3, -2, -2, 4, 4, '[1]', 152),
  (535, 'high_metal_helm', 'High Metal Helm α', 'head', 44, 0, -1, -2, 3, 0, 6, '[2]', 153),
  (536, 'high_metal_mail', 'High Metal Mail α', 'chest', 44, 0, -1, -2, 3, 0, 6, '[2]', 153),
  (537, 'high_metal_braces', 'High Metal Braces α', 'arms', 44, 0, -1, -2, 3, 0, 6, '[2]', 153),
  (538, 'high_metal_coil', 'High Metal Coil α', 'waist', 44, 0, -1, -2, 3, 0, 6, '[2]', 153),
  (539, 'high_metal_greaves', 'High Metal Greaves α', 'legs', 44, 0, -1, -2, 3, 0, 6, '[2]', 153),
  (540, 'hope_mask', 'Hope Mask α', 'head', 26, 1, 0, 1, 0, 0, 5, '[1]', 154),
  (541, 'hope_mail', 'Hope Mail α', 'chest', 26, 1, 0, 1, 0, 0, 5, '[1, 1]', 154),
  (542, 'hope_vambraces', 'Hope Vambraces α', 'arms', 26, 1, 0, 1, 0, 0, 5, '[1, 1]', 154),
  (543, 'hope_coil', 'Hope Coil α', 'waist', 26, 1, 0, 1, 0, 0, 5, '[1]', 154),
  (544, 'hope_greaves', 'Hope Greaves α', 'legs', 26, 1, 0, 1, 0, 0, 5, '[1]', 154),
  (545, 'conga_helm', 'Conga Helm', 'head', 8, -3, 1, 1, -1, 2, 2, '[]', 155),
  (546, 'conga_mail', 'Conga Mail', 'chest', 8, -3, 1, 1, -1, 2, 2, '[]', 155),
  (547, 'conga_vambraces', 'Conga Vambraces', 'arms', 8, -3, 1, 1, -1, 2, 2, '[]', 155),
  (548, 'conga_coil', 'Conga Coil', 'waist', 8, -3, 1, 1, -1, 2, 2, '[]', 155),
  (549, 'conga_greaves', 'Conga Greaves', 'legs', 8, -3, 1, 1, -1, 2, 2, '[]', 155),
  (550, 'nerscylla_helm', 'Nerscylla Helm', 'head', 20, -2, 2, -2, 1, 2, 3, '[]', 156),
  (551, 'nerscylla_mail', 'Nerscylla Mail', 'chest', 20, -2, 2, -2, 1, 2, 3, '[]', 156),
  (552, 'nerscylla_vambraces', 'Nerscylla Vambraces', 'arms', 20, -2, 2, -2, 1, 2, 3, '[]', 156),
  (553, 'nerscylla_coil', 'Nerscylla Coil', 'waist', 20, -2, 2, -2, 1, 2, 3, '[]', 156),
  (554, 'nerscylla_greaves', 'Nerscylla Greaves', 'legs', 20, -2, 2, -2, 1, 2, 3, '[]', 156),
  (555, 'vespoid_helm', 'Vespoid Helm β', 'head', 32, -2, 1, 1, 1, 2, 5, '[2]', 157),
  (556, 'vespoid_mail', 'Vespoid Mail β', 'chest', 32, -2, 1, 1, 1, 2, 5, '[1, 1, 1]', 157),
  (557, 'vespoid_vambraces', 'Vespoid Vambraces β', 'arms', 32, -2, 1, 1, 1, 2, 5, '[2]', 157),
  (558, 'vespoid_coil', 'Vespoid Coil β', 'waist', 32, -2, 1, 1, 1, 2, 5, '[1, 1, 1]', 157),
  (559, 'vespoid_greaves', 'Vespoid Greaves β', 'legs', 32, -2, 1, 1, 1, 2, 5, '[2, 1]', 157),
  (560, 'bulaqchi_specs', 'Bulaqchi Specs β', 'head', 32, -4, 1, 1, -2, 4, 5, '[2, 1]', 158),
  (561, 'death_stench_brain', 'Death Stench Brain α', 'head', 44, 3, 2, -2, 3, 4, 6, '[2]', 159),
  (562, 'death_stench_muscle', 'Death Stench Muscle α', 'chest', 44, 3, 2, -2, 3, 4, 6, '[2]', 159),
  (563, 'death_stench_grip', 'Death Stench Grip α', 'arms', 44, 3, 2, -2, 3, 4, 6, '[2]', 159),
  (564, 'death_stench_bowels', 'Death Stench Bowels α', 'waist', 44, 3, 2, -2, 3, 4, 6, '[2, 1]', 159),
  (565, 'death_stench_heel', 'Death Stench Heel α', 'legs', 44, 3, 2, -2, 3, 4, 6, '[2, 1]', 159),
  (566, 'doshaguma_helm', 'Doshaguma Helm α', 'head', 48, -3, 2, -1, -1, 4, 6, '[2, 1]', 160),
  (567, 'doshaguma_mail', 'Doshaguma Mail α', 'chest', 48, -3, 2, -1, -1, 4, 6, '[1]', 160),
  (568, 'doshaguma_braces', 'Doshaguma Braces α', 'arms', 48, -3, 2, -1, -1, 4, 6, '[2]', 160),
  (569, 'doshaguma_coil', 'Doshaguma Coil α', 'waist', 48, -3, 2, -1, -1, 4, 6, '[1]', 160),
  (570, 'doshaguma_greaves', 'Doshaguma Greaves α', 'legs', 48, -3, 2, -1, -1, 4, 6, '[2, 1]', 160),
  (571, 'battle_helm', 'Battle Helm α', 'head', 44, 2, -1, -1, 0, 0, 6, '[2]', 161),
  (572, 'battle_mail', 'Battle Mail α', 'chest', 44, 2, -1, -1, 0, 0, 6, '[2]', 161),
  (573, 'battle_vambraces', 'Battle Vambraces α', 'arms', 44, 2, -1, -1, 0, 0, 6, '[2]', 161),
  (574, 'battle_coil', 'Battle Coil α', 'waist', 44, 2, -1, -1, 0, 0, 6, '[2]', 161),
  (575, 'battle_greaves', 'Battle Greaves α', 'legs', 44, 2, -1, -1, 0, 0, 6, '[2]', 161),
  (576, 'king_beetle_vertex', 'King Beetle Vertex α', 'head', 44, -1, -1, 2, 0, 2, 6, '[2]', 162),
  (577, 'king_beetle_thorax', 'King Beetle Thorax α', 'chest', 44, -1, -1, 2, 0, 2, 6, '[2]', 162),
  (578, 'king_beetle_brachia', 'King Beetle Brachia α', 'arms', 44, -1, -1, 2, 0, 2, 6, '[2]', 162),
  (579, 'king_beetle_elytra', 'King Beetle Elytra α', 'waist', 44, -1, -1, 2, 0, 2, 6, '[2]', 162),
  (580, 'king_beetle_crura', 'King Beetle Crura α', 'legs', 44, -1, -1, 2, 0, 2, 6, '[2]', 162),
  (581, 'hirabami_headdress', 'Hirabami Headdress β', 'head', 38, -3, 2, -2, 3, 0, 5, '[1, 1]', 163),
  (582, 'hirabami_mail', 'Hirabami Mail β', 'chest', 38, -3, 2, -2, 3, 0, 5, '[2]', 163),
  (583, 'hirabami_vambraces', 'Hirabami Vambraces β', 'arms', 38, -3, 2, -2, 3, 0, 5, '[1, 1]', 163),
  (584, 'hirabami_coil', 'Hirabami Coil β', 'waist', 38, -3, 2, -2, 3, 0, 5, '[2]', 163),
  (585, 'hirabami_greaves', 'Hirabami Greaves β', 'legs', 38, -3, 2, -2, 3, 0, 5, '[2]', 163),
  (586, 'g_arkveld_helm', 'G. Arkveld Helm β', 'head', 66, 2, 0, -1, 0, -4, 8, '[3, 1]', 164),
  (587, 'g_arkveld_mail', 'G. Arkveld Mail β', 'chest', 66, 2, 0, -1, 0, -4, 8, '[3]', 164),
  (588, 'g_arkveld_vambraces', 'G. Arkveld Vambraces β', 'arms', 66, 2, 0, -1, 0, -4, 8, '[1, 1, 1]', 164),
  (589, 'g_arkveld_coil', 'G. Arkveld Coil β', 'waist', 66, 2, 0, -1, 0, -4, 8, '[2, 1]', 164),
  (590, 'g_arkveld_greaves', 'G. Arkveld Greaves β', 'legs', 66, 2, 0, -1, 0, -4, 8, '[2, 1]', 164),
  (591, 'udra_mirehelm', 'Udra Mirehelm', 'head', 26, 5, -4, 0, 1, 0, 4, '[1]', 165),
  (592, 'udra_miremail', 'Udra Miremail', 'chest', 26, 5, -4, 0, 1, 0, 4, '[]', 165),
  (593, 'udra_mirebraces', 'Udra Mirebraces', 'arms', 26, 5, -4, 0, 1, 0, 4, '[1]', 165),
  (594, 'udra_mirecoil', 'Udra Mirecoil', 'waist', 26, 5, -4, 0, 1, 0, 4, '[1]', 165),
  (595, 'udra_miregreaves', 'Udra Miregreaves', 'legs', 26, 5, -4, 0, 1, 0, 4, '[1]', 165),
  (596, 'rompopolo_helm', 'Rompopolo Helm β', 'head', 36, 0, -3, 0, 0, 1, 5, '[2, 1]', 166),
  (597, 'rompopolo_mail', 'Rompopolo Mail β', 'chest', 36, 0, -3, 0, 0, 1, 5, '[2]', 166),
  (598, 'rompopolo_vambraces', 'Rompopolo Vambraces β', 'arms', 36, 0, -3, 0, 0, 1, 5, '[2]', 166),
  (599, 'rompopolo_coil', 'Rompopolo Coil β', 'waist', 36, 0, -3, 0, 0, 1, 5, '[1]', 166),
  (600, 'rompopolo_greaves', 'Rompopolo Greaves β', 'legs', 36, 0, -3, 0, 0, 1, 5, '[2]', 166),
  (601, 'nerscylla_helm', 'Nerscylla Helm α', 'head', 38, -2, 2, -2, 1, 2, 5, '[]', 167),
  (602, 'nerscylla_mail', 'Nerscylla Mail α', 'chest', 38, -2, 2, -2, 1, 2, 5, '[]', 167),
  (603, 'nerscylla_vambraces', 'Nerscylla Vambraces α', 'arms', 38, -2, 2, -2, 1, 2, 5, '[1]', 167),
  (604, 'nerscylla_coil', 'Nerscylla Coil α', 'waist', 38, -2, 2, -2, 1, 2, 5, '[]', 167),
  (605, 'nerscylla_greaves', 'Nerscylla Greaves α', 'legs', 38, -2, 2, -2, 1, 2, 5, '[1]', 167),
  (606, 'talioth_vambraces', 'Talioth Vambraces β', 'arms', 32, 4, -2, -2, -2, 2, 5, '[2, 1]', 168),
  (607, 'regios_helm', 'Regios Helm α', 'head', 64, 4, 0, -3, -2, 0, 7, '[3]', 169),
  (608, 'regios_mail', 'Regios Mail α', 'chest', 64, 4, 0, -3, -2, 0, 7, '[1]', 169),
  (609, 'regios_vambraces', 'Regios Vambraces α', 'arms', 64, 4, 0, -3, -2, 0, 7, '[2]', 169),
  (610, 'regios_coil', 'Regios Coil α', 'waist', 64, 4, 0, -3, -2, 0, 7, '[2]', 169),
  (611, 'regios_greaves', 'Regios Greaves α', 'legs', 64, 4, 0, -3, -2, 0, 7, '[]', 169),
  (612, 'udra_mirehelm', 'Udra Mirehelm α', 'head', 60, 5, -4, 0, 1, 0, 7, '[1, 1]', 170),
  (613, 'udra_miremail', 'Udra Miremail α', 'chest', 60, 5, -4, 0, 1, 0, 7, '[1, 1]', 170),
  (614, 'udra_mirebraces', 'Udra Mirebraces α', 'arms', 60, 5, -4, 0, 1, 0, 7, '[2]', 170),
  (615, 'udra_mirecoil', 'Udra Mirecoil α', 'waist', 60, 5, -4, 0, 1, 0, 7, '[2]', 170),
  (616, 'udra_miregreaves', 'Udra Miregreaves α', 'legs', 60, 5, -4, 0, 1, 0, 7, '[3]', 170),
  (617, 'chatacabra_helm', 'Chatacabra Helm', 'head', 6, 1, 2, -3, -1, 1, 1, '[]', 171),
  (618, 'chatacabra_mail', 'Chatacabra Mail', 'chest', 6, 1, 2, -3, -1, 1, 1, '[]', 171),
  (619, 'chatacabra_vambraces', 'Chatacabra Vambraces', 'arms', 6, 1, 2, -3, -1, 1, 1, '[]', 171),
  (620, 'chatacabra_coil', 'Chatacabra Coil', 'waist', 6, 1, 2, -3, -1, 1, 1, '[]', 171),
  (621, 'chatacabra_greaves', 'Chatacabra Greaves', 'legs', 6, 1, 2, -3, -1, 1, 1, '[]', 171),
  (622, 'ajarakan_helm', 'Ajarakan Helm', 'head', 24, 3, -3, 1, -2, 0, 3, '[]', 172),
  (623, 'ajarakan_mail', 'Ajarakan Mail', 'chest', 24, 3, -3, 1, -2, 0, 3, '[]', 172),
  (624, 'ajarakan_vambraces', 'Ajarakan Vambraces', 'arms', 24, 3, -3, 1, -2, 0, 3, '[]', 172),
  (625, 'ajarakan_coil', 'Ajarakan Coil', 'waist', 24, 3, -3, 1, -2, 0, 3, '[]', 172),
  (626, 'ajarakan_greaves', 'Ajarakan Greaves', 'legs', 24, 3, -3, 1, -2, 0, 3, '[]', 172),
  (627, 'kranodath_mail', 'Kranodath Mail β', 'chest', 32, 4, -2, 0, -2, 0, 5, '[2]', 173),
  (628, 'ajarakan_helm', 'Ajarakan Helm β', 'head', 48, 3, -3, 1, -2, 0, 6, '[2, 1]', 174),
  (629, 'ajarakan_mail', 'Ajarakan Mail β', 'chest', 48, 3, -3, 1, -2, 0, 6, '[2]', 174),
  (630, 'ajarakan_vambraces', 'Ajarakan Vambraces β', 'arms', 48, 3, -3, 1, -2, 0, 6, '[2, 1]', 174),
  (631, 'ajarakan_coil', 'Ajarakan Coil β', 'waist', 48, 3, -3, 1, -2, 0, 6, '[2]', 174),
  (632, 'ajarakan_greaves', 'Ajarakan Greaves β', 'legs', 48, 3, -3, 1, -2, 0, 6, '[1, 1]', 174),
  (633, 'g_fulgur_helm', 'G. Fulgur Helm α', 'head', 48, -1, -1, 2, -3, -2, 6, '[]', 175),
  (634, 'g_fulgur_mail', 'G. Fulgur Mail α', 'chest', 48, -1, -1, 2, -3, -2, 6, '[2]', 175),
  (635, 'g_fulgur_vambraces', 'G. Fulgur Vambraces α', 'arms', 48, -1, -1, 2, -3, -2, 6, '[1]', 175),
  (636, 'g_fulgur_coil', 'G. Fulgur Coil α', 'waist', 48, -1, -1, 2, -3, -2, 6, '[1, 1]', 175),
  (637, 'g_fulgur_greaves', 'G. Fulgur Greaves α', 'legs', 48, -1, -1, 2, -3, -2, 6, '[1]', 175),
  (638, 'g_ebony_helm', 'G. Ebony Helm α', 'head', 48, -2, -3, -2, -2, 4, 6, '[]', 176),
  (639, 'g_ebony_mail', 'G. Ebony Mail α', 'chest', 48, -2, -3, -2, -2, 4, 6, '[2]', 176),
  (640, 'g_ebony_braces', 'G. Ebony Braces α', 'arms', 48, -2, -3, -2, -2, 4, 6, '[]', 176),
  (641, 'g_ebony_coil', 'G. Ebony Coil α', 'waist', 48, -2, -3, -2, -2, 4, 6, '[2]', 176),
  (642, 'g_ebony_greaves', 'G. Ebony Greaves α', 'legs', 48, -2, -3, -2, -2, 4, 6, '[2]', 176),
  (643, 'artian_helm', 'Artian Helm α', 'head', 44, 1, -2, -2, 2, 3, 6, '[2, 1]', 177),
  (644, 'artian_mail', 'Artian Mail α', 'chest', 44, 1, -2, -2, 2, 3, 6, '[2, 1, 1]', 177),
  (645, 'artian_vambraces', 'Artian Vambraces α', 'arms', 44, 1, -2, -2, 2, 3, 6, '[2]', 177),
  (646, 'artian_coil', 'Artian Coil α', 'waist', 44, 1, -2, -2, 2, 3, 6, '[2]', 177),
  (647, 'artian_greaves', 'Artian Greaves α', 'legs', 44, 1, -2, -2, 2, 3, 6, '[2]', 177),
  (648, 'arkvulcan_helm', 'Arkvulcan Helm β', 'head', 66, 2, 0, -1, 0, -3, 8, '[3, 2, 1]', 178),
  (649, 'arkvulcan_mail', 'Arkvulcan Mail β', 'chest', 66, 2, 0, -1, 0, -3, 8, '[3, 2]', 178),
  (650, 'arkvulcan_vambraces', 'Arkvulcan Vambraces β', 'arms', 66, 2, 0, -1, 0, -3, 8, '[2, 2, 1]', 178),
  (651, 'arkvulcan_coil', 'Arkvulcan Coil β', 'waist', 66, 2, 0, -1, 0, -3, 8, '[1, 1]', 178),
  (652, 'arkvulcan_greaves', 'Arkvulcan Greaves β', 'legs', 66, 2, 0, -1, 0, -3, 8, '[3, 1]', 178),
  (653, 'balahara_helm', 'Balahara Helm', 'head', 12, -1, 2, -3, 1, 1, 2, '[]', 179),
  (654, 'balahara_mail', 'Balahara Mail', 'chest', 12, -1, 2, -3, 1, 1, 2, '[]', 179),
  (655, 'balahara_vambraces', 'Balahara Vambraces', 'arms', 12, -1, 2, -3, 1, 1, 2, '[]', 179),
  (656, 'balahara_coil', 'Balahara Coil', 'waist', 12, -1, 2, -3, 1, 1, 2, '[]', 179),
  (657, 'balahara_greaves', 'Balahara Greaves', 'legs', 12, -1, 2, -3, 1, 1, 2, '[]', 179),
  (658, 'bulaqchi_specs', 'Bulaqchi Specs α', 'head', 32, -4, 1, 1, -2, 4, 5, '[]', 180),
  (659, 'g_fulgur_helm', 'G. Fulgur Helm β', 'head', 48, -1, -1, 2, -3, -2, 6, '[2]', 181),
  (660, 'g_fulgur_mail', 'G. Fulgur Mail β', 'chest', 48, -1, -1, 2, -3, -2, 6, '[2, 1, 1]', 181),
  (661, 'g_fulgur_vambraces', 'G. Fulgur Vambraces β', 'arms', 48, -1, -1, 2, -3, -2, 6, '[2, 2]', 181),
  (662, 'g_fulgur_coil', 'G. Fulgur Coil β', 'waist', 48, -1, -1, 2, -3, -2, 6, '[2, 2]', 181),
  (663, 'g_fulgur_greaves', 'G. Fulgur Greaves β', 'legs', 48, -1, -1, 2, -3, -2, 6, '[2, 1]', 181),
  (664, 'piragill_greaves', 'Piragill Greaves', 'legs', 4, -3, 4, -3, 1, 1, 1, '[]', 182),
  (665, 'rathalos_helm', 'Rathalos Helm α', 'head', 48, 3, 1, -2, 1, -3, 6, '[1, 1]', 183),
  (666, 'rathalos_mail', 'Rathalos Mail α', 'chest', 48, 3, 1, -2, 1, -3, 6, '[1]', 183),
  (667, 'rathalos_vambraces', 'Rathalos Vambraces α', 'arms', 48, 3, 1, -2, 1, -3, 6, '[1, 1]', 183),
  (668, 'rathalos_coil', 'Rathalos Coil α', 'waist', 48, 3, 1, -2, 1, -3, 6, '[]', 183),
  (669, 'rathalos_greaves', 'Rathalos Greaves α', 'legs', 48, 3, 1, -2, 1, -3, 6, '[2]', 183),
  (670, 'xu_wu_helm', 'Xu Wu Helm β', 'head', 48, 1, 1, 1, -3, 2, 6, '[2, 1]', 184),
  (671, 'xu_wu_mail', 'Xu Wu Mail β', 'chest', 48, 1, 1, 1, -3, 2, 6, '[1, 1]', 184),
  (672, 'xu_wu_vambraces', 'Xu Wu Vambraces β', 'arms', 48, 1, 1, 1, -3, 2, 6, '[2, 2, 1]', 184),
  (673, 'xu_wu_coil', 'Xu Wu Coil β', 'waist', 48, 1, 1, 1, -3, 2, 6, '[2, 1, 1]', 184),
  (674, 'xu_wu_greaves', 'Xu Wu Greaves β', 'legs', 48, 1, 1, 1, -3, 2, 6, '[2, 2, 1]', 184),
  (675, 'leather_headgear', 'Leather Headgear α', 'head', 26, 2, 0, 0, 0, 0, 5, '[1]', 185),
  (676, 'leather_mail', 'Leather Mail α', 'chest', 26, 2, 0, 0, 0, 0, 5, '[1]', 185),
  (677, 'leather_gloves', 'Leather Gloves α', 'arms', 26, 2, 0, 0, 0, 0, 5, '[1]', 185),
  (678, 'leather_belt', 'Leather Belt α', 'waist', 26, 2, 0, 0, 0, 0, 5, '[1, 1]', 185),
  (679, 'leather_pants', 'Leather Pants α', 'legs', 26, 2, 0, 0, 0, 0, 5, '[1]', 185),
  (680, 'azuz_headdress', 'Azuz Headdress α', 'head', 44, 4, 1, 1, 1, 1, 6, '[2]', 186),
  (681, 'azuz_apron', 'Azuz Apron α', 'chest', 44, 4, 1, 1, 1, 1, 6, '[1, 1]', 186),
  (682, 'azuz_pants', 'Azuz Pants α', 'legs', 44, 4, 1, 1, 1, 1, 6, '[2, 1, 1]', 186),
  (683, 'damascus_helm', 'Damascus Helm α', 'head', 56, 4, -2, 0, 0, 0, 7, '[3, 1]', 187),
  (684, 'damascus_mail', 'Damascus Mail α', 'chest', 56, 4, -2, 0, 0, 0, 7, '[2, 2]', 187),
  (685, 'damascus_vambraces', 'Damascus Vambraces α', 'arms', 56, 4, -2, 0, 0, 0, 7, '[3, 1]', 187),
  (686, 'damascus_coil', 'Damascus Coil α', 'waist', 56, 4, -2, 0, 0, 0, 7, '[3, 2]', 187),
  (687, 'damascus_greaves', 'Damascus Greaves α', 'legs', 56, 4, -2, 0, 0, 0, 7, '[3]', 187),
  (688, 'ajarakan_helm', 'Ajarakan Helm α', 'head', 48, 3, -3, 1, -2, 0, 6, '[1]', 188),
  (689, 'ajarakan_mail', 'Ajarakan Mail α', 'chest', 48, 3, -3, 1, -2, 0, 6, '[1]', 188),
  (690, 'ajarakan_vambraces', 'Ajarakan Vambraces α', 'arms', 48, 3, -3, 1, -2, 0, 6, '[2]', 188),
  (691, 'ajarakan_coil', 'Ajarakan Coil α', 'waist', 48, 3, -3, 1, -2, 0, 6, '[1]', 188),
  (692, 'ajarakan_greaves', 'Ajarakan Greaves α', 'legs', 48, 3, -3, 1, -2, 0, 6, '[]', 188),
  (693, 'gore_helm', 'Gore Helm β', 'head', 60, -2, 3, -1, 2, -1, 7, '[3, 1]', 189),
  (694, 'gore_mail', 'Gore Mail β', 'chest', 60, -2, 3, -1, 2, -1, 7, '[3, 1]', 189),
  (695, 'gore_vambraces', 'Gore Vambraces β', 'arms', 60, -2, 3, -1, 2, -1, 7, '[2, 2]', 189),
  (696, 'gore_coil', 'Gore Coil β', 'waist', 60, -2, 3, -1, 2, -1, 7, '[3, 2]', 189),
  (697, 'gore_greaves', 'Gore Greaves β', 'legs', 60, -2, 3, -1, 2, -1, 7, '[3, 1, 1]', 189),
  (698, 'chainmail_headgear', 'Chainmail Headgear α', 'head', 26, 0, 2, 0, 0, 0, 5, '[1, 1]', 190),
  (699, 'chainmail_armor', 'Chainmail Armor α', 'chest', 26, 0, 2, 0, 0, 0, 5, '[1]', 190),
  (700, 'chainmail_gloves', 'Chainmail Gloves α', 'arms', 26, 0, 2, 0, 0, 0, 5, '[1]', 190),
  (701, 'chainmail_belt', 'Chainmail Belt α', 'waist', 26, 0, 2, 0, 0, 0, 5, '[1]', 190),
  (702, 'chainmail_pants', 'Chainmail Pants α', 'legs', 26, 0, 2, 0, 0, 0, 5, '[1, 1]', 190),
  (703, 'rompopolo_helm', 'Rompopolo Helm', 'head', 18, 0, -3, 0, 0, 1, 3, '[]', 191),
  (704, 'rompopolo_mail', 'Rompopolo Mail', 'chest', 18, 0, -3, 0, 0, 1, 3, '[]', 191),
  (705, 'rompopolo_vambraces', 'Rompopolo Vambraces', 'arms', 18, 0, -3, 0, 0, 1, 3, '[]', 191),
  (706, 'rompopolo_coil', 'Rompopolo Coil', 'waist', 18, 0, -3, 0, 0, 1, 3, '[]', 191),
  (707, 'rompopolo_greaves', 'Rompopolo Greaves', 'legs', 18, 0, -3, 0, 0, 1, 3, '[]', 191),
  (708, 'comaqchi_accessory', 'Comaqchi Accessory α', 'head', 32, -5, 0, 0, 3, 3, 5, '[]', 192),
  (709, 'dragonking_eyepatch', 'Dragonking Eyepatch α', 'head', 60, 0, 0, 0, 0, 0, 8, '[]', 193),
  (710, 'rompopolo_helm', 'Rompopolo Helm α', 'head', 36, 0, -3, 0, 0, 1, 5, '[1, 1]', 194),
  (711, 'rompopolo_mail', 'Rompopolo Mail α', 'chest', 36, 0, -3, 0, 0, 1, 5, '[1]', 194),
  (712, 'rompopolo_vambraces', 'Rompopolo Vambraces α', 'arms', 36, 0, -3, 0, 0, 1, 5, '[1]', 194),
  (713, 'rompopolo_coil', 'Rompopolo Coil α', 'waist', 36, 0, -3, 0, 0, 1, 5, '[]', 194),
  (714, 'rompopolo_greaves', 'Rompopolo Greaves α', 'legs', 36, 0, -3, 0, 0, 1, 5, '[]', 194);

INSERT INTO armor_set_skills
  (set_id, required_pieces, skill_id, skill_level, skill_category)
VALUES
  (1, 3, 173, 1, 'group'),
  (2, 3, 155, 1, 'group'),
  (3, 2, 129, 1, 'set'),
  (3, 4, 129, 2, 'set'),
  (3, 3, 155, 1, 'group'),
  (4, 2, 130, 1, 'set'),
  (4, 4, 130, 2, 'set'),
  (4, 3, 120, 1, 'group'),
  (6, 3, 171, 1, 'group'),
  (7, 3, 155, 1, 'group'),
  (9, 2, 71, 1, 'set'),
  (9, 4, 71, 2, 'set'),
  (9, 3, 17, 1, 'group'),
  (10, 3, 19, 1, 'group'),
  (12, 3, 171, 1, 'group'),
  (13, 2, 70, 1, 'set'),
  (13, 4, 70, 2, 'set'),
  (13, 3, 173, 1, 'group'),
  (14, 2, 95, 1, 'set'),
  (14, 4, 95, 2, 'set'),
  (14, 3, 17, 1, 'group'),
  (15, 2, 71, 1, 'set'),
  (15, 4, 71, 2, 'set'),
  (15, 3, 4, 1, 'group'),
  (16, 3, 20, 1, 'group'),
  (17, 3, 17, 1, 'group'),
  (18, 3, 162, 1, 'group'),
  (19, 3, 27, 1, 'group'),
  (20, 3, 162, 1, 'group'),
  (21, 3, 20, 1, 'group'),
  (22, 3, 120, 1, 'group'),
  (24, 3, 19, 1, 'group'),
  (25, 3, 155, 1, 'group'),
  (26, 2, 26, 1, 'set'),
  (26, 4, 26, 2, 'set'),
  (26, 3, 27, 1, 'group'),
  (27, 2, 62, 1, 'set'),
  (27, 4, 62, 2, 'set'),
  (27, 3, 10, 1, 'group'),
  (28, 2, 176, 1, 'set'),
  (28, 4, 176, 2, 'set'),
  (28, 3, 10, 1, 'group'),
  (29, 2, 116, 1, 'set'),
  (29, 4, 116, 2, 'set'),
  (29, 3, 10, 1, 'group'),
  (30, 2, 71, 1, 'set'),
  (30, 4, 71, 2, 'set'),
  (30, 3, 27, 1, 'group'),
  (31, 3, 155, 1, 'group'),
  (32, 3, 20, 1, 'group'),
  (33, 3, 155, 1, 'group'),
  (34, 2, 70, 1, 'set'),
  (34, 4, 70, 2, 'set'),
  (34, 3, 27, 1, 'group'),
  (35, 3, 19, 1, 'group'),
  (36, 3, 155, 1, 'group'),
  (37, 2, 176, 1, 'set'),
  (37, 4, 176, 2, 'set'),
  (37, 3, 178, 1, 'group'),
  (39, 2, 116, 1, 'set'),
  (39, 4, 116, 2, 'set'),
  (39, 3, 10, 1, 'group'),
  (40, 3, 155, 1, 'group'),
  (41, 3, 19, 1, 'group'),
  (42, 3, 20, 1, 'group'),
  (43, 3, 112, 1, 'group'),
  (44, 2, 25, 1, 'set'),
  (44, 4, 25, 2, 'set'),
  (44, 3, 19, 1, 'group'),
  (45, 3, 20, 1, 'group'),
  (46, 3, 17, 1, 'group'),
  (47, 3, 155, 1, 'group'),
  (48, 3, 162, 1, 'group'),
  (49, 2, 33, 1, 'set'),
  (49, 4, 33, 2, 'set'),
  (49, 3, 173, 1, 'group'),
  (50, 3, 19, 1, 'group'),
  (51, 2, 54, 1, 'set'),
  (51, 4, 54, 2, 'set'),
  (51, 3, 17, 1, 'group'),
  (52, 3, 173, 1, 'group'),
  (53, 3, 4, 1, 'group'),
  (54, 2, 71, 1, 'set'),
  (54, 4, 71, 2, 'set'),
  (54, 3, 27, 1, 'group'),
  (55, 2, 54, 1, 'set'),
  (55, 4, 54, 2, 'set'),
  (55, 3, 155, 1, 'group'),
  (56, 2, 176, 1, 'set'),
  (56, 4, 176, 2, 'set'),
  (56, 3, 10, 1, 'group'),
  (57, 3, 19, 1, 'group'),
  (58, 2, 62, 1, 'set'),
  (58, 4, 62, 2, 'set'),
  (58, 3, 178, 1, 'group'),
  (59, 3, 171, 1, 'group'),
  (66, 3, 19, 1, 'group'),
  (67, 3, 171, 1, 'group'),
  (68, 3, 85, 1, 'group'),
  (69, 2, 96, 1, 'set'),
  (69, 4, 96, 2, 'set'),
  (74, 3, 74, 1, 'group'),
  (75, 3, 85, 1, 'group'),
  (76, 2, 78, 1, 'set'),
  (76, 2, 78, 1, 'set'),
  (76, 4, 78, 2, 'set'),
  (76, 4, 78, 2, 'set'),
  (77, 2, 86, 1, 'set'),
  (77, 4, 86, 2, 'set'),
  (77, 3, 173, 1, 'group'),
  (78, 3, 77, 1, 'group'),
  (79, 2, 26, 1, 'set'),
  (79, 2, 26, 1, 'set'),
  (79, 4, 26, 2, 'set'),
  (79, 4, 26, 2, 'set'),
  (81, 3, 112, 1, 'group'),
  (82, 3, 173, 1, 'group'),
  (83, 3, 74, 1, 'group'),
  (88, 2, 80, 1, 'set'),
  (88, 4, 80, 2, 'set'),
  (88, 3, 85, 1, 'group'),
  (91, 3, 19, 1, 'group'),
  (95, 3, 74, 1, 'group'),
  (96, 2, 56, 1, 'set'),
  (96, 4, 56, 2, 'set'),
  (96, 3, 120, 1, 'group'),
  (98, 2, 129, 1, 'set'),
  (98, 4, 129, 2, 'set'),
  (98, 3, 74, 1, 'group'),
  (99, 2, 34, 1, 'set'),
  (99, 4, 34, 2, 'set'),
  (99, 3, 85, 1, 'group'),
  (100, 2, 62, 1, 'set'),
  (100, 4, 62, 2, 'set'),
  (100, 3, 154, 1, 'group'),
  (102, 3, 112, 1, 'group'),
  (103, 2, 70, 1, 'set'),
  (103, 4, 70, 2, 'set'),
  (103, 3, 173, 1, 'group'),
  (104, 3, 74, 1, 'group'),
  (106, 2, 172, 1, 'set'),
  (106, 4, 172, 2, 'set'),
  (106, 3, 154, 1, 'group'),
  (107, 3, 85, 1, 'group'),
  (109, 2, 86, 1, 'set'),
  (109, 4, 86, 2, 'set'),
  (109, 3, 112, 1, 'group'),
  (110, 2, 51, 1, 'set'),
  (110, 4, 51, 2, 'set'),
  (110, 3, 4, 1, 'group'),
  (111, 2, 88, 1, 'set'),
  (111, 4, 88, 2, 'set'),
  (113, 2, 33, 1, 'set'),
  (113, 4, 33, 2, 'set'),
  (113, 3, 154, 1, 'group'),
  (116, 3, 85, 1, 'group'),
  (119, 2, 83, 1, 'set'),
  (119, 4, 83, 2, 'set'),
  (119, 3, 85, 1, 'group'),
  (120, 2, 176, 1, 'set'),
  (120, 4, 176, 2, 'set'),
  (120, 3, 154, 1, 'group'),
  (123, 2, 56, 1, 'set'),
  (123, 4, 56, 2, 'set'),
  (123, 3, 173, 1, 'group'),
  (126, 2, 51, 1, 'set'),
  (126, 4, 51, 2, 'set'),
  (126, 3, 27, 1, 'group'),
  (127, 2, 86, 1, 'set'),
  (127, 4, 86, 2, 'set'),
  (127, 3, 19, 1, 'group'),
  (129, 2, 93, 1, 'set'),
  (129, 4, 93, 2, 'set'),
  (129, 3, 85, 1, 'group'),
  (130, 3, 85, 1, 'group'),
  (132, 2, 116, 1, 'set'),
  (132, 4, 116, 2, 'set'),
  (132, 3, 154, 1, 'group'),
  (134, 3, 171, 1, 'group'),
  (135, 3, 17, 1, 'group'),
  (136, 2, 70, 1, 'set'),
  (136, 4, 70, 2, 'set'),
  (136, 3, 4, 1, 'group'),
  (137, 2, 138, 1, 'set'),
  (137, 4, 138, 2, 'set'),
  (137, 3, 4, 1, 'group'),
  (138, 2, 70, 1, 'set'),
  (138, 4, 70, 2, 'set'),
  (138, 3, 120, 1, 'group'),
  (139, 3, 112, 1, 'group'),
  (140, 2, 26, 1, 'set'),
  (140, 4, 26, 2, 'set'),
  (140, 3, 27, 1, 'group'),
  (141, 3, 27, 1, 'group'),
  (142, 3, 112, 1, 'group'),
  (143, 3, 19, 1, 'group'),
  (144, 3, 155, 1, 'group'),
  (146, 2, 172, 1, 'set'),
  (146, 4, 172, 2, 'set'),
  (146, 3, 178, 1, 'group'),
  (147, 3, 171, 1, 'group'),
  (148, 2, 130, 1, 'set'),
  (148, 4, 130, 2, 'set'),
  (148, 3, 173, 1, 'group'),
  (149, 3, 17, 1, 'group'),
  (150, 2, 70, 1, 'set'),
  (150, 4, 70, 2, 'set'),
  (150, 3, 27, 1, 'group'),
  (151, 2, 116, 1, 'set'),
  (151, 4, 116, 2, 'set'),
  (151, 3, 178, 1, 'group'),
  (152, 2, 138, 1, 'set'),
  (152, 4, 138, 2, 'set'),
  (152, 3, 27, 1, 'group'),
  (153, 3, 20, 1, 'group'),
  (155, 3, 173, 1, 'group'),
  (156, 3, 171, 1, 'group'),
  (157, 3, 162, 1, 'group'),
  (158, 3, 162, 1, 'group'),
  (159, 3, 20, 1, 'group'),
  (160, 2, 70, 1, 'set'),
  (160, 4, 70, 2, 'set'),
  (160, 3, 173, 1, 'group'),
  (161, 3, 20, 1, 'group'),
  (162, 3, 20, 1, 'group'),
  (163, 3, 17, 1, 'group'),
  (164, 2, 26, 1, 'set'),
  (164, 4, 26, 2, 'set'),
  (164, 3, 4, 1, 'group'),
  (165, 2, 172, 1, 'set'),
  (165, 4, 172, 2, 'set'),
  (165, 3, 10, 1, 'group'),
  (166, 3, 112, 1, 'group'),
  (167, 3, 171, 1, 'group'),
  (168, 3, 112, 1, 'group'),
  (169, 2, 95, 1, 'set'),
  (169, 4, 95, 2, 'set'),
  (169, 3, 155, 1, 'group'),
  (170, 2, 172, 1, 'set'),
  (170, 4, 172, 2, 'set'),
  (170, 3, 10, 1, 'group'),
  (171, 3, 19, 1, 'group'),
  (172, 3, 173, 1, 'group'),
  (173, 3, 17, 1, 'group'),
  (174, 3, 120, 1, 'group'),
  (175, 2, 11, 1, 'set'),
  (175, 4, 11, 2, 'set'),
  (175, 3, 27, 1, 'group'),
  (176, 2, 138, 1, 'set'),
  (176, 4, 138, 2, 'set'),
  (176, 3, 27, 1, 'group'),
  (177, 3, 4, 1, 'group'),
  (178, 2, 33, 1, 'set'),
  (178, 4, 33, 2, 'set'),
  (178, 3, 120, 1, 'group'),
  (179, 3, 155, 1, 'group'),
  (180, 3, 171, 1, 'group'),
  (181, 2, 11, 1, 'set'),
  (181, 4, 11, 2, 'set'),
  (181, 3, 4, 1, 'group'),
  (182, 3, 19, 1, 'group'),
  (183, 2, 71, 1, 'set'),
  (183, 4, 71, 2, 'set'),
  (183, 3, 155, 1, 'group'),
  (184, 2, 25, 1, 'set'),
  (184, 4, 25, 2, 'set'),
  (184, 3, 112, 1, 'group'),
  (186, 3, 20, 1, 'group'),
  (188, 3, 173, 1, 'group'),
  (189, 2, 129, 1, 'set'),
  (189, 4, 129, 2, 'set'),
  (189, 3, 17, 1, 'group'),
  (191, 3, 19, 1, 'group'),
  (192, 3, 171, 1, 'group'),
  (194, 3, 19, 1, 'group');

INSERT INTO armor_piece_skills (armor_piece_id, skill_id, skill_level) VALUES
  (1, 134, 1),
  (1, 153, 1),
  (1, 173, 1),
  (2, 118, 1),
  (2, 153, 2),
  (2, 173, 1),
  (3, 52, 1),
  (3, 123, 1),
  (3, 173, 1),
  (4, 52, 1),
  (4, 134, 1),
  (4, 173, 1),
  (5, 52, 1),
  (5, 118, 1),
  (5, 173, 1),
  (6, 131, 1),
  (6, 155, 1),
  (7, 148, 1),
  (7, 155, 1),
  (8, 131, 1),
  (8, 155, 1),
  (9, 148, 1),
  (9, 155, 1),
  (10, 131, 1),
  (10, 155, 1),
  (11, 13, 1),
  (11, 100, 2),
  (11, 129, 1),
  (11, 155, 1),
  (12, 18, 1),
  (12, 100, 2),
  (12, 129, 1),
  (12, 155, 1),
  (13, 14, 2),
  (13, 100, 1),
  (13, 129, 1),
  (13, 155, 1),
  (14, 14, 2),
  (14, 18, 1),
  (14, 129, 1),
  (14, 155, 1),
  (15, 18, 1),
  (15, 129, 1),
  (15, 131, 2),
  (15, 155, 1),
  (16, 120, 1),
  (16, 130, 1),
  (16, 136, 2),
  (17, 120, 1),
  (17, 130, 1),
  (17, 167, 2),
  (18, 104, 1),
  (18, 120, 1),
  (18, 130, 1),
  (19, 120, 1),
  (19, 130, 1),
  (19, 167, 2),
  (20, 120, 1),
  (20, 130, 1),
  (20, 167, 1),
  (21, 14, 1),
  (21, 98, 1),
  (21, 177, 1),
  (22, 14, 1),
  (22, 98, 1),
  (22, 177, 1),
  (23, 14, 1),
  (23, 98, 1),
  (23, 177, 1),
  (24, 14, 1),
  (24, 98, 1),
  (24, 177, 1),
  (25, 14, 1),
  (25, 98, 1),
  (25, 177, 1),
  (26, 48, 1),
  (26, 67, 1),
  (26, 171, 1),
  (27, 48, 1),
  (27, 100, 1),
  (27, 171, 1),
  (28, 67, 1),
  (28, 115, 1),
  (28, 171, 1),
  (29, 100, 1),
  (29, 115, 1),
  (29, 171, 1),
  (30, 48, 1),
  (30, 115, 1),
  (30, 171, 1),
  (31, 31, 1),
  (31, 100, 1),
  (31, 155, 1),
  (32, 31, 1),
  (32, 100, 1),
  (32, 155, 1),
  (33, 100, 1),
  (33, 124, 1),
  (33, 155, 1),
  (34, 100, 1),
  (34, 124, 1),
  (34, 155, 1),
  (35, 100, 1),
  (35, 124, 1),
  (35, 155, 1),
  (36, 32, 1),
  (37, 131, 2),
  (38, 46, 1),
  (39, 32, 1),
  (39, 46, 1),
  (40, 32, 1),
  (40, 131, 1),
  (41, 14, 1),
  (41, 17, 1),
  (41, 71, 1),
  (41, 100, 1),
  (42, 17, 1),
  (42, 71, 1),
  (42, 143, 2),
  (43, 14, 2),
  (43, 17, 1),
  (43, 71, 1),
  (44, 17, 1),
  (44, 71, 1),
  (44, 143, 2),
  (45, 17, 1),
  (45, 71, 1),
  (45, 100, 2),
  (46, 19, 1),
  (46, 123, 1),
  (46, 136, 1),
  (47, 19, 1),
  (47, 57, 1),
  (47, 123, 1),
  (48, 15, 1),
  (48, 19, 1),
  (48, 136, 1),
  (49, 15, 1),
  (49, 19, 1),
  (49, 123, 1),
  (50, 15, 1),
  (50, 19, 1),
  (50, 57, 1),
  (51, 123, 1),
  (51, 128, 1),
  (52, 43, 1),
  (52, 128, 1),
  (53, 43, 1),
  (53, 123, 1),
  (54, 43, 1),
  (55, 128, 1),
  (56, 48, 1),
  (56, 171, 1),
  (57, 48, 1),
  (57, 171, 1),
  (58, 115, 1),
  (58, 171, 1),
  (59, 115, 1),
  (59, 171, 1),
  (60, 48, 1),
  (60, 171, 1),
  (61, 70, 1),
  (61, 134, 1),
  (61, 173, 1),
  (62, 70, 1),
  (62, 134, 1),
  (62, 173, 1),
  (63, 31, 1),
  (63, 70, 1),
  (63, 173, 1),
  (64, 15, 1),
  (64, 70, 1),
  (64, 173, 1),
  (65, 70, 1),
  (65, 134, 1),
  (65, 173, 1),
  (66, 17, 1),
  (66, 95, 1),
  (66, 143, 1),
  (66, 169, 1),
  (67, 17, 1),
  (67, 95, 1),
  (67, 100, 2),
  (67, 167, 1),
  (68, 17, 1),
  (68, 95, 1),
  (68, 143, 2),
  (69, 17, 1),
  (69, 95, 1),
  (69, 100, 1),
  (69, 167, 1),
  (70, 17, 1),
  (70, 95, 1),
  (70, 143, 2),
  (70, 167, 1),
  (71, 4, 1),
  (71, 57, 1),
  (71, 71, 1),
  (72, 4, 1),
  (72, 57, 1),
  (72, 71, 1),
  (72, 153, 1),
  (73, 4, 1),
  (73, 57, 1),
  (73, 71, 1),
  (74, 4, 1),
  (74, 35, 1),
  (74, 71, 1),
  (75, 4, 1),
  (75, 35, 1),
  (75, 57, 1),
  (75, 71, 1),
  (76, 20, 1),
  (76, 136, 2),
  (76, 168, 1),
  (77, 20, 1),
  (77, 134, 2),
  (77, 168, 1),
  (78, 20, 1),
  (78, 123, 2),
  (78, 168, 1),
  (79, 20, 1),
  (79, 136, 2),
  (79, 168, 1),
  (80, 17, 1),
  (80, 145, 1),
  (81, 17, 1),
  (81, 98, 1),
  (82, 17, 1),
  (82, 98, 1),
  (82, 145, 1),
  (83, 17, 1),
  (83, 98, 1),
  (84, 17, 1),
  (84, 31, 1),
  (84, 98, 1),
  (85, 64, 2),
  (85, 162, 1),
  (86, 27, 1),
  (86, 99, 1),
  (87, 162, 1),
  (87, 170, 1),
  (88, 67, 1),
  (88, 162, 1),
  (89, 67, 1),
  (89, 162, 1),
  (90, 162, 1),
  (90, 170, 1),
  (91, 64, 1),
  (91, 162, 1),
  (92, 20, 1),
  (92, 135, 3),
  (93, 20, 1),
  (93, 136, 4),
  (94, 120, 1),
  (94, 153, 1),
  (95, 120, 1),
  (95, 153, 2),
  (96, 52, 1),
  (96, 120, 1),
  (97, 52, 1),
  (97, 120, 1),
  (98, 118, 1),
  (98, 120, 1),
  (99, 14, 1),
  (99, 58, 1),
  (100, 14, 1),
  (100, 43, 1),
  (101, 14, 1),
  (101, 58, 2),
  (102, 14, 1),
  (102, 43, 2),
  (103, 14, 1),
  (103, 52, 2),
  (104, 19, 1),
  (104, 58, 1),
  (104, 61, 1),
  (105, 19, 1),
  (105, 58, 1),
  (105, 151, 1),
  (106, 19, 1),
  (106, 146, 2),
  (106, 151, 1),
  (107, 19, 1),
  (107, 58, 1),
  (107, 146, 1),
  (108, 19, 1),
  (108, 43, 2),
  (108, 146, 1),
  (109, 31, 1),
  (109, 145, 1),
  (109, 155, 1),
  (110, 98, 2),
  (110, 155, 1),
  (111, 98, 1),
  (111, 145, 2),
  (111, 155, 1),
  (112, 98, 1),
  (112, 113, 1),
  (112, 155, 1),
  (113, 31, 2),
  (113, 98, 1),
  (113, 155, 1),
  (114, 26, 1),
  (114, 27, 1),
  (114, 38, 1),
  (115, 26, 1),
  (115, 27, 1),
  (115, 38, 1),
  (115, 49, 1),
  (116, 26, 1),
  (116, 27, 1),
  (116, 38, 1),
  (117, 26, 1),
  (117, 27, 1),
  (117, 49, 1),
  (118, 26, 1),
  (118, 27, 1),
  (118, 49, 1),
  (119, 10, 1),
  (119, 57, 1),
  (119, 62, 1),
  (119, 167, 1),
  (120, 10, 1),
  (120, 62, 1),
  (120, 111, 1),
  (120, 170, 2),
  (121, 10, 1),
  (121, 62, 1),
  (121, 111, 1),
  (121, 167, 2),
  (122, 10, 1),
  (122, 46, 2),
  (122, 57, 1),
  (122, 62, 1),
  (123, 10, 1),
  (123, 46, 1),
  (123, 62, 1),
  (123, 167, 2),
  (124, 10, 1),
  (124, 103, 1),
  (124, 113, 2),
  (124, 176, 1),
  (125, 10, 1),
  (125, 63, 1),
  (125, 113, 2),
  (125, 176, 1),
  (126, 10, 1),
  (126, 32, 1),
  (126, 176, 1),
  (126, 177, 2),
  (127, 10, 1),
  (127, 63, 1),
  (127, 176, 1),
  (127, 177, 2),
  (128, 10, 1),
  (128, 113, 1),
  (128, 176, 1),
  (128, 177, 1),
  (129, 10, 1),
  (129, 116, 1),
  (129, 125, 1),
  (129, 165, 2),
  (130, 10, 1),
  (130, 58, 1),
  (130, 116, 1),
  (130, 122, 2),
  (131, 10, 1),
  (131, 116, 1),
  (131, 128, 1),
  (131, 165, 2),
  (132, 10, 1),
  (132, 58, 2),
  (132, 116, 1),
  (132, 128, 2),
  (133, 10, 1),
  (133, 116, 1),
  (133, 122, 1),
  (133, 165, 1),
  (134, 27, 1),
  (134, 48, 2),
  (134, 57, 1),
  (134, 71, 1),
  (135, 27, 1),
  (135, 57, 1),
  (135, 71, 1),
  (135, 153, 2),
  (136, 27, 1),
  (136, 48, 1),
  (136, 57, 1),
  (136, 71, 1),
  (136, 153, 1),
  (137, 27, 1),
  (137, 35, 1),
  (137, 57, 1),
  (137, 71, 1),
  (138, 27, 1),
  (138, 35, 2),
  (138, 57, 1),
  (138, 71, 1),
  (139, 131, 2),
  (139, 152, 1),
  (139, 155, 1),
  (140, 14, 1),
  (140, 20, 1),
  (140, 100, 1),
  (140, 125, 1),
  (141, 14, 1),
  (141, 20, 1),
  (141, 100, 1),
  (141, 125, 1),
  (142, 14, 1),
  (142, 20, 1),
  (142, 31, 2),
  (142, 100, 1),
  (143, 14, 1),
  (143, 20, 1),
  (143, 100, 1),
  (143, 125, 1),
  (144, 14, 1),
  (144, 20, 1),
  (144, 30, 2),
  (144, 100, 1),
  (145, 131, 2),
  (145, 155, 1),
  (146, 27, 1),
  (146, 70, 1),
  (146, 110, 1),
  (147, 27, 1),
  (147, 70, 1),
  (147, 110, 1),
  (147, 158, 1),
  (148, 27, 1),
  (148, 43, 1),
  (148, 70, 1),
  (149, 27, 1),
  (149, 43, 1),
  (149, 70, 1),
  (149, 110, 1),
  (150, 27, 1),
  (150, 43, 1),
  (150, 70, 1),
  (150, 158, 1),
  (151, 19, 1),
  (151, 28, 1),
  (151, 118, 1),
  (152, 100, 1),
  (152, 125, 1),
  (152, 155, 1),
  (153, 100, 1),
  (153, 124, 2),
  (153, 155, 1),
  (154, 100, 1),
  (154, 155, 1),
  (154, 177, 1),
  (155, 100, 2),
  (155, 155, 1),
  (156, 124, 1),
  (156, 155, 1),
  (156, 177, 1),
  (157, 103, 1),
  (157, 113, 1),
  (157, 176, 1),
  (157, 178, 1),
  (158, 113, 2),
  (158, 176, 1),
  (158, 178, 1),
  (159, 32, 1),
  (159, 176, 1),
  (159, 177, 1),
  (159, 178, 1),
  (160, 176, 1),
  (160, 177, 2),
  (160, 178, 1),
  (161, 176, 1),
  (161, 177, 1),
  (161, 178, 1),
  (162, 145, 2),
  (162, 146, 1),
  (163, 35, 1),
  (163, 146, 1),
  (164, 128, 2),
  (164, 146, 1),
  (165, 145, 1),
  (165, 146, 1),
  (166, 35, 1),
  (166, 146, 1),
  (167, 10, 1),
  (167, 116, 1),
  (167, 165, 1),
  (168, 10, 1),
  (168, 14, 1),
  (168, 116, 1),
  (169, 10, 1),
  (169, 116, 1),
  (169, 165, 1),
  (170, 10, 1),
  (170, 14, 1),
  (170, 116, 1),
  (171, 10, 1),
  (171, 14, 1),
  (171, 116, 1),
  (171, 165, 1),
  (172, 100, 1),
  (172, 121, 1),
  (172, 155, 1),
  (173, 58, 1),
  (173, 121, 1),
  (173, 155, 1),
  (174, 58, 1),
  (174, 125, 1),
  (174, 155, 1),
  (175, 100, 1),
  (175, 125, 1),
  (175, 155, 1),
  (176, 121, 1),
  (176, 125, 1),
  (176, 155, 1),
  (177, 19, 1),
  (177, 107, 1),
  (178, 20, 1),
  (178, 48, 3),
  (178, 151, 2),
  (179, 20, 1),
  (179, 113, 3),
  (180, 20, 1),
  (180, 31, 3),
  (180, 115, 2),
  (181, 20, 1),
  (181, 30, 3),
  (181, 169, 2),
  (182, 20, 1),
  (182, 52, 3),
  (183, 58, 1),
  (183, 112, 1),
  (184, 58, 1),
  (184, 112, 1),
  (185, 112, 1),
  (185, 146, 2),
  (186, 58, 1),
  (186, 112, 1),
  (187, 43, 1),
  (187, 112, 1),
  (187, 146, 1),
  (188, 19, 1),
  (188, 25, 1),
  (188, 67, 1),
  (188, 143, 2),
  (189, 19, 1),
  (189, 25, 1),
  (189, 67, 1),
  (189, 110, 3),
  (190, 19, 1),
  (190, 25, 1),
  (190, 103, 2),
  (191, 19, 1),
  (191, 25, 1),
  (191, 103, 1),
  (191, 110, 2),
  (192, 19, 1),
  (192, 25, 1),
  (192, 67, 1),
  (192, 143, 1),
  (193, 20, 1),
  (193, 145, 3),
  (194, 17, 1),
  (194, 165, 1),
  (195, 17, 1),
  (195, 165, 1),
  (196, 17, 1),
  (196, 131, 1),
  (197, 17, 1),
  (197, 148, 2),
  (198, 17, 1),
  (198, 131, 1),
  (199, 14, 2),
  (199, 148, 2),
  (199, 155, 1),
  (200, 148, 1),
  (200, 155, 1),
  (200, 167, 1),
  (201, 14, 1),
  (201, 155, 1),
  (201, 167, 1),
  (202, 30, 2),
  (202, 155, 1),
  (202, 167, 1),
  (203, 14, 2),
  (203, 30, 1),
  (203, 155, 1),
  (204, 98, 1),
  (204, 162, 1),
  (205, 30, 1),
  (205, 100, 1),
  (205, 162, 1),
  (206, 30, 1),
  (206, 162, 1),
  (207, 115, 1),
  (207, 162, 1),
  (208, 100, 1),
  (208, 162, 1),
  (209, 33, 1),
  (209, 156, 2),
  (209, 173, 1),
  (209, 175, 1),
  (210, 33, 1),
  (210, 57, 1),
  (210, 156, 1),
  (210, 173, 1),
  (211, 31, 1),
  (211, 33, 1),
  (211, 173, 1),
  (211, 175, 1),
  (212, 31, 2),
  (212, 33, 1),
  (212, 57, 2),
  (212, 173, 1),
  (213, 32, 2),
  (213, 33, 1),
  (213, 173, 1),
  (213, 175, 1),
  (214, 19, 1),
  (214, 122, 1),
  (215, 19, 1),
  (215, 58, 1),
  (216, 19, 1),
  (216, 122, 1),
  (217, 19, 1),
  (217, 58, 1),
  (217, 122, 1),
  (218, 19, 1),
  (218, 58, 1),
  (219, 17, 1),
  (219, 54, 1),
  (219, 177, 1),
  (220, 17, 1),
  (220, 31, 1),
  (220, 54, 1),
  (220, 177, 1),
  (221, 17, 1),
  (221, 54, 1),
  (221, 177, 2),
  (222, 17, 1),
  (222, 54, 1),
  (222, 131, 1),
  (222, 177, 1),
  (223, 17, 1),
  (223, 31, 1),
  (223, 46, 1),
  (223, 54, 1),
  (224, 67, 1),
  (224, 137, 1),
  (224, 173, 1),
  (225, 4, 1),
  (225, 99, 1),
  (225, 103, 1),
  (226, 27, 1),
  (226, 57, 1),
  (226, 71, 1),
  (226, 153, 1),
  (227, 27, 1),
  (227, 71, 1),
  (227, 153, 1),
  (228, 27, 1),
  (228, 57, 1),
  (228, 71, 1),
  (229, 27, 1),
  (229, 71, 1),
  (229, 153, 1),
  (230, 27, 1),
  (230, 57, 1),
  (230, 71, 1),
  (231, 46, 1),
  (231, 54, 1),
  (231, 155, 1),
  (231, 177, 1),
  (232, 31, 2),
  (232, 54, 1),
  (232, 155, 1),
  (232, 177, 1),
  (233, 54, 1),
  (233, 131, 1),
  (233, 155, 1),
  (233, 177, 2),
  (234, 54, 1),
  (234, 131, 2),
  (234, 155, 1),
  (234, 177, 1),
  (235, 31, 1),
  (235, 46, 2),
  (235, 54, 1),
  (235, 155, 1),
  (236, 10, 1),
  (236, 113, 1),
  (236, 176, 1),
  (236, 177, 1),
  (237, 10, 1),
  (237, 176, 1),
  (237, 177, 1),
  (238, 10, 1),
  (238, 113, 1),
  (238, 176, 1),
  (239, 10, 1),
  (239, 63, 1),
  (239, 113, 1),
  (239, 176, 1),
  (240, 10, 1),
  (240, 176, 1),
  (240, 177, 1),
  (241, 19, 1),
  (241, 107, 1),
  (241, 166, 1),
  (242, 62, 1),
  (242, 167, 1),
  (242, 178, 1),
  (243, 62, 1),
  (243, 111, 1),
  (243, 170, 1),
  (243, 178, 1),
  (244, 62, 1),
  (244, 111, 1),
  (244, 167, 1),
  (244, 178, 1),
  (245, 46, 1),
  (245, 57, 1),
  (245, 62, 1),
  (245, 178, 1),
  (246, 62, 1),
  (246, 167, 2),
  (246, 178, 1),
  (247, 115, 1),
  (247, 171, 1),
  (248, 115, 1),
  (248, 171, 1),
  (249, 30, 1),
  (249, 171, 1),
  (250, 30, 1),
  (250, 171, 1),
  (251, 30, 1),
  (251, 171, 1),
  (252, 128, 1),
  (253, 145, 1),
  (254, 145, 1),
  (255, 128, 1),
  (256, 145, 1),
  (257, 135, 1),
  (258, 135, 1),
  (259, 174, 1),
  (260, 135, 1),
  (261, 135, 1),
  (262, 121, 1),
  (263, 121, 1),
  (264, 121, 1),
  (265, 31, 1),
  (266, 31, 1),
  (267, 43, 1),
  (268, 43, 1),
  (269, 128, 1),
  (270, 43, 1),
  (271, 128, 1),
  (272, 32, 1),
  (273, 46, 1),
  (274, 46, 1),
  (275, 46, 1),
  (276, 32, 1),
  (277, 145, 1),
  (278, 35, 1),
  (279, 128, 1),
  (280, 145, 1),
  (281, 35, 1),
  (282, 19, 1),
  (282, 28, 1),
  (283, 137, 1),
  (283, 171, 1),
  (284, 85, 1),
  (284, 135, 1),
  (284, 146, 1),
  (285, 52, 2),
  (285, 85, 1),
  (285, 146, 1),
  (286, 14, 2),
  (286, 52, 1),
  (286, 85, 1),
  (286, 134, 2),
  (287, 14, 1),
  (287, 85, 1),
  (287, 134, 1),
  (287, 135, 1),
  (288, 14, 2),
  (288, 85, 1),
  (288, 135, 2),
  (289, 57, 1),
  (289, 96, 1),
  (289, 145, 1),
  (290, 96, 1),
  (290, 152, 2),
  (291, 96, 1),
  (291, 145, 1),
  (291, 167, 1),
  (292, 96, 1),
  (292, 118, 1),
  (292, 145, 1),
  (293, 96, 1),
  (293, 100, 2),
  (294, 136, 5),
  (295, 103, 3),
  (295, 153, 3),
  (296, 74, 1),
  (296, 136, 4),
  (297, 85, 1),
  (297, 131, 2),
  (298, 30, 1),
  (298, 35, 2),
  (298, 85, 1),
  (299, 30, 2),
  (299, 35, 1),
  (299, 85, 1),
  (300, 42, 1),
  (300, 85, 1),
  (300, 103, 1),
  (301, 85, 1),
  (301, 103, 2),
  (301, 131, 1),
  (302, 51, 1),
  (302, 78, 1),
  (302, 156, 2),
  (302, 177, 2),
  (303, 25, 1),
  (303, 63, 1),
  (303, 78, 1),
  (303, 123, 2),
  (303, 143, 2),
  (304, 11, 1),
  (304, 78, 1),
  (304, 122, 2),
  (304, 167, 1),
  (305, 78, 1),
  (305, 118, 2),
  (305, 138, 1),
  (305, 177, 1),
  (306, 70, 1),
  (306, 78, 1),
  (306, 167, 1),
  (306, 177, 2),
  (307, 14, 2),
  (307, 86, 1),
  (307, 143, 1),
  (307, 165, 1),
  (307, 173, 1),
  (308, 32, 1),
  (308, 86, 1),
  (308, 143, 1),
  (308, 165, 1),
  (308, 173, 1),
  (309, 14, 1),
  (309, 86, 1),
  (309, 143, 1),
  (309, 165, 1),
  (309, 173, 1),
  (310, 32, 2),
  (310, 86, 1),
  (310, 143, 1),
  (310, 165, 1),
  (310, 173, 1),
  (311, 14, 2),
  (311, 86, 1),
  (311, 143, 1),
  (311, 165, 1),
  (311, 173, 1),
  (312, 77, 1),
  (312, 152, 1),
  (313, 77, 1),
  (313, 110, 3),
  (314, 77, 1),
  (314, 152, 1),
  (315, 77, 1),
  (315, 100, 2),
  (316, 77, 1),
  (316, 152, 1),
  (317, 26, 1),
  (317, 78, 1),
  (317, 156, 2),
  (317, 177, 2),
  (318, 63, 1),
  (318, 71, 1),
  (318, 78, 1),
  (318, 123, 2),
  (318, 143, 2),
  (319, 78, 1),
  (319, 122, 2),
  (319, 130, 1),
  (319, 167, 1),
  (320, 56, 1),
  (320, 78, 1),
  (320, 118, 2),
  (320, 177, 1),
  (321, 54, 1),
  (321, 78, 1),
  (321, 167, 1),
  (321, 177, 2),
  (322, 104, 2),
  (322, 112, 1),
  (322, 146, 5),
  (323, 48, 2),
  (323, 52, 3),
  (323, 103, 2),
  (323, 173, 1),
  (324, 74, 1),
  (324, 103, 1),
  (324, 131, 1),
  (324, 170, 2),
  (325, 46, 1),
  (325, 74, 1),
  (325, 103, 1),
  (326, 46, 1),
  (326, 74, 1),
  (326, 131, 2),
  (326, 170, 1),
  (327, 35, 2),
  (327, 74, 1),
  (327, 103, 1),
  (328, 35, 1),
  (328, 46, 1),
  (328, 74, 1),
  (329, 148, 2),
  (330, 135, 4),
  (330, 166, 1),
  (331, 37, 2),
  (331, 80, 1),
  (331, 85, 1),
  (331, 148, 2),
  (332, 80, 1),
  (332, 85, 1),
  (332, 110, 1),
  (332, 118, 1),
  (333, 80, 1),
  (333, 85, 1),
  (333, 118, 2),
  (334, 80, 1),
  (334, 85, 1),
  (334, 118, 1),
  (334, 133, 2),
  (334, 148, 1),
  (335, 37, 1),
  (335, 80, 1),
  (335, 85, 1),
  (335, 118, 1),
  (335, 133, 1),
  (336, 14, 4),
  (336, 32, 2),
  (337, 15, 3),
  (337, 37, 3),
  (338, 19, 1),
  (338, 123, 2),
  (338, 134, 1),
  (338, 174, 1),
  (339, 19, 1),
  (339, 123, 1),
  (339, 134, 2),
  (339, 174, 2),
  (340, 49, 3),
  (341, 110, 2),
  (341, 167, 1),
  (342, 74, 1),
  (342, 123, 2),
  (342, 134, 2),
  (343, 56, 1),
  (343, 63, 2),
  (343, 120, 1),
  (344, 14, 1),
  (344, 56, 1),
  (344, 118, 1),
  (344, 120, 1),
  (345, 56, 1),
  (345, 100, 2),
  (345, 120, 1),
  (345, 125, 1),
  (346, 14, 2),
  (346, 56, 1),
  (346, 120, 1),
  (347, 56, 1),
  (347, 118, 2),
  (347, 120, 1),
  (348, 14, 4),
  (348, 145, 3),
  (349, 74, 1),
  (349, 118, 1),
  (349, 129, 1),
  (350, 58, 2),
  (350, 74, 1),
  (350, 118, 1),
  (350, 129, 1),
  (350, 152, 1),
  (351, 74, 1),
  (351, 118, 1),
  (351, 125, 1),
  (351, 129, 1),
  (351, 152, 1),
  (352, 74, 1),
  (352, 118, 2),
  (352, 125, 2),
  (352, 129, 1),
  (353, 58, 1),
  (353, 74, 1),
  (353, 129, 1),
  (353, 152, 1),
  (354, 34, 1),
  (354, 85, 1),
  (354, 98, 2),
  (354, 111, 1),
  (355, 32, 1),
  (355, 34, 1),
  (355, 85, 1),
  (355, 98, 1),
  (356, 15, 1),
  (356, 34, 1),
  (356, 85, 1),
  (356, 98, 1),
  (357, 32, 2),
  (357, 34, 1),
  (357, 85, 1),
  (357, 111, 1),
  (358, 15, 2),
  (358, 34, 1),
  (358, 85, 1),
  (358, 98, 1),
  (359, 62, 1),
  (359, 98, 2),
  (359, 154, 1),
  (360, 62, 1),
  (360, 154, 1),
  (360, 167, 2),
  (361, 13, 3),
  (361, 57, 1),
  (361, 62, 1),
  (361, 154, 1),
  (362, 62, 1),
  (362, 154, 1),
  (362, 167, 3),
  (362, 170, 2),
  (363, 57, 2),
  (363, 62, 1),
  (363, 98, 1),
  (363, 154, 1),
  (364, 121, 3),
  (365, 112, 1),
  (365, 125, 1),
  (365, 136, 2),
  (366, 30, 1),
  (366, 58, 1),
  (366, 70, 1),
  (366, 165, 2),
  (366, 173, 1),
  (367, 30, 1),
  (367, 74, 1),
  (367, 145, 2),
  (367, 168, 2),
  (368, 48, 2),
  (368, 74, 1),
  (368, 145, 1),
  (369, 48, 1),
  (369, 74, 1),
  (369, 113, 2),
  (369, 168, 1),
  (370, 30, 2),
  (370, 74, 1),
  (370, 113, 2),
  (371, 74, 1),
  (371, 113, 1),
  (371, 168, 2),
  (372, 118, 3),
  (372, 154, 1),
  (372, 172, 1),
  (373, 104, 2),
  (373, 154, 1),
  (373, 172, 1),
  (374, 146, 3),
  (374, 154, 1),
  (374, 172, 1),
  (375, 67, 1),
  (375, 118, 2),
  (375, 154, 1),
  (375, 172, 1),
  (376, 104, 1),
  (376, 123, 3),
  (376, 146, 2),
  (376, 154, 1),
  (376, 172, 1),
  (377, 85, 1),
  (377, 115, 2),
  (378, 85, 1),
  (378, 115, 1),
  (379, 85, 1),
  (379, 151, 2),
  (380, 31, 1),
  (380, 85, 1),
  (380, 137, 1),
  (381, 31, 2),
  (381, 85, 1),
  (381, 151, 1),
  (382, 86, 1),
  (382, 112, 1),
  (382, 122, 2),
  (383, 57, 1),
  (383, 58, 1),
  (383, 86, 1),
  (383, 112, 1),
  (384, 57, 1),
  (384, 58, 2),
  (384, 86, 1),
  (384, 112, 1),
  (385, 57, 1),
  (385, 86, 1),
  (385, 112, 1),
  (385, 122, 1),
  (386, 57, 2),
  (386, 86, 1),
  (386, 112, 1),
  (386, 165, 1),
  (387, 4, 1),
  (387, 31, 1),
  (387, 51, 1),
  (387, 167, 1),
  (388, 4, 1),
  (388, 51, 1),
  (388, 167, 2),
  (389, 4, 1),
  (389, 51, 1),
  (389, 156, 2),
  (390, 4, 1),
  (390, 13, 1),
  (390, 51, 1),
  (390, 167, 2),
  (391, 4, 1),
  (391, 31, 1),
  (391, 51, 1),
  (391, 104, 1),
  (391, 156, 1),
  (392, 88, 1),
  (392, 122, 2),
  (392, 146, 2),
  (393, 32, 2),
  (393, 88, 1),
  (393, 165, 2),
  (394, 88, 1),
  (394, 122, 1),
  (394, 146, 1),
  (394, 165, 1),
  (395, 14, 2),
  (395, 88, 1),
  (395, 146, 1),
  (396, 88, 1),
  (396, 146, 1),
  (396, 165, 2),
  (397, 33, 1),
  (397, 57, 3),
  (397, 154, 1),
  (398, 33, 1),
  (398, 49, 1),
  (398, 154, 1),
  (398, 175, 3),
  (399, 33, 1),
  (399, 38, 2),
  (399, 57, 2),
  (399, 154, 1),
  (400, 33, 1),
  (400, 38, 1),
  (400, 154, 1),
  (400, 156, 3),
  (401, 33, 1),
  (401, 38, 2),
  (401, 49, 2),
  (401, 154, 1),
  (402, 1, 3),
  (402, 146, 2),
  (403, 57, 2),
  (404, 15, 3),
  (404, 85, 1),
  (404, 145, 2),
  (405, 13, 2),
  (405, 85, 1),
  (405, 145, 1),
  (406, 85, 1),
  (406, 122, 2),
  (406, 177, 2),
  (407, 13, 1),
  (407, 85, 1),
  (407, 177, 2),
  (408, 85, 1),
  (408, 122, 1),
  (408, 177, 1),
  (409, 67, 3),
  (409, 99, 1),
  (409, 125, 2),
  (410, 38, 1),
  (410, 67, 1),
  (410, 83, 1),
  (410, 85, 1),
  (410, 136, 2),
  (411, 38, 1),
  (411, 64, 1),
  (411, 83, 1),
  (411, 85, 1),
  (411, 136, 1),
  (412, 38, 1),
  (412, 64, 1),
  (412, 83, 1),
  (412, 85, 1),
  (413, 38, 1),
  (413, 67, 2),
  (413, 83, 1),
  (413, 85, 1),
  (414, 38, 1),
  (414, 83, 1),
  (414, 85, 1),
  (414, 136, 2),
  (415, 103, 1),
  (415, 154, 1),
  (415, 176, 1),
  (415, 177, 2),
  (416, 103, 2),
  (416, 154, 1),
  (416, 176, 1),
  (416, 177, 3),
  (417, 113, 3),
  (417, 154, 1),
  (417, 167, 1),
  (417, 176, 1),
  (418, 113, 2),
  (418, 154, 1),
  (418, 176, 1),
  (419, 32, 3),
  (419, 154, 1),
  (419, 167, 1),
  (419, 176, 1),
  (420, 35, 3),
  (420, 113, 2),
  (421, 61, 1),
  (421, 128, 3),
  (422, 56, 1),
  (422, 63, 2),
  (422, 125, 1),
  (422, 173, 1),
  (423, 14, 1),
  (423, 56, 1),
  (423, 118, 2),
  (423, 173, 1),
  (424, 56, 1),
  (424, 100, 2),
  (424, 125, 2),
  (424, 173, 1),
  (425, 14, 2),
  (425, 56, 1),
  (425, 118, 1),
  (425, 173, 1),
  (426, 56, 1),
  (426, 118, 2),
  (426, 173, 1),
  (426, 177, 1),
  (427, 52, 3),
  (428, 100, 4),
  (429, 27, 1),
  (429, 31, 2),
  (429, 51, 1),
  (429, 167, 1),
  (430, 27, 1),
  (430, 51, 1),
  (430, 104, 1),
  (430, 167, 2),
  (431, 13, 1),
  (431, 27, 1),
  (431, 51, 1),
  (431, 156, 2),
  (432, 13, 2),
  (432, 27, 1),
  (432, 51, 1),
  (432, 167, 2),
  (433, 27, 1),
  (433, 31, 1),
  (433, 51, 1),
  (433, 104, 2),
  (433, 156, 1),
  (434, 19, 1),
  (434, 86, 1),
  (434, 122, 2),
  (434, 165, 1),
  (435, 19, 1),
  (435, 57, 1),
  (435, 58, 1),
  (435, 86, 1),
  (435, 179, 2),
  (436, 19, 1),
  (436, 57, 1),
  (436, 58, 2),
  (436, 63, 1),
  (436, 86, 1),
  (437, 19, 1),
  (437, 57, 1),
  (437, 63, 1),
  (437, 86, 1),
  (437, 122, 1),
  (438, 19, 1),
  (438, 57, 2),
  (438, 86, 1),
  (438, 165, 1),
  (438, 179, 1),
  (439, 85, 1),
  (439, 93, 1),
  (439, 145, 1),
  (439, 165, 1),
  (440, 1, 1),
  (440, 85, 1),
  (440, 93, 1),
  (440, 167, 1),
  (440, 175, 1),
  (441, 85, 1),
  (441, 93, 1),
  (441, 113, 1),
  (441, 165, 1),
  (442, 1, 1),
  (442, 85, 1),
  (442, 93, 1),
  (442, 145, 1),
  (442, 175, 1),
  (443, 85, 1),
  (443, 93, 1),
  (443, 113, 1),
  (443, 167, 1),
  (444, 67, 2),
  (444, 85, 1),
  (445, 28, 1),
  (445, 85, 1),
  (445, 174, 2),
  (446, 43, 2),
  (446, 67, 1),
  (446, 85, 1),
  (447, 63, 1),
  (447, 85, 1),
  (447, 174, 1),
  (448, 43, 1),
  (448, 63, 1),
  (448, 85, 1),
  (449, 168, 5),
  (450, 57, 1),
  (450, 58, 1),
  (450, 116, 1),
  (450, 122, 1),
  (450, 154, 1),
  (451, 116, 1),
  (451, 154, 1),
  (451, 165, 3),
  (452, 116, 1),
  (452, 125, 2),
  (452, 154, 1),
  (453, 116, 1),
  (453, 122, 2),
  (453, 154, 1),
  (453, 165, 2),
  (454, 58, 2),
  (454, 116, 1),
  (454, 128, 3),
  (454, 154, 1),
  (455, 13, 1),
  (455, 49, 1),
  (456, 98, 1),
  (456, 115, 1),
  (456, 171, 1),
  (457, 30, 2),
  (457, 100, 1),
  (457, 171, 1),
  (458, 30, 1),
  (458, 98, 1),
  (458, 171, 1),
  (459, 115, 2),
  (459, 171, 1),
  (460, 98, 1),
  (460, 100, 1),
  (460, 171, 1),
  (461, 17, 1),
  (461, 100, 1),
  (462, 17, 1),
  (462, 121, 1),
  (463, 17, 1),
  (463, 125, 1),
  (464, 17, 1),
  (464, 100, 1),
  (465, 17, 1),
  (465, 125, 1),
  (466, 4, 1),
  (466, 70, 1),
  (466, 110, 1),
  (467, 4, 1),
  (467, 14, 2),
  (467, 70, 1),
  (468, 4, 1),
  (468, 70, 1),
  (468, 110, 1),
  (469, 4, 1),
  (469, 70, 1),
  (469, 110, 2),
  (470, 4, 1),
  (470, 14, 1),
  (470, 70, 1),
  (470, 110, 1),
  (471, 4, 1),
  (471, 118, 2),
  (471, 138, 1),
  (472, 4, 1),
  (472, 103, 1),
  (472, 138, 1),
  (473, 4, 1),
  (473, 118, 1),
  (473, 138, 1),
  (473, 145, 1),
  (474, 4, 1),
  (474, 118, 1),
  (474, 138, 1),
  (475, 4, 1),
  (475, 103, 1),
  (475, 138, 1),
  (475, 145, 1),
  (476, 70, 1),
  (476, 120, 1),
  (476, 128, 1),
  (476, 134, 1),
  (477, 70, 1),
  (477, 120, 1),
  (477, 165, 1),
  (478, 58, 1),
  (478, 70, 1),
  (478, 120, 1),
  (478, 128, 1),
  (479, 70, 1),
  (479, 120, 1),
  (479, 165, 1),
  (480, 30, 1),
  (480, 70, 1),
  (480, 120, 1),
  (480, 134, 1),
  (481, 63, 1),
  (481, 112, 1),
  (482, 26, 1),
  (482, 27, 1),
  (482, 38, 1),
  (482, 152, 2),
  (483, 26, 1),
  (483, 27, 1),
  (483, 38, 2),
  (483, 49, 2),
  (484, 26, 1),
  (484, 27, 1),
  (484, 49, 1),
  (484, 57, 2),
  (485, 26, 1),
  (485, 27, 1),
  (485, 38, 2),
  (485, 156, 1),
  (486, 26, 1),
  (486, 27, 1),
  (486, 57, 1),
  (486, 156, 2),
  (487, 27, 1),
  (487, 99, 1),
  (487, 103, 2),
  (488, 112, 1),
  (488, 123, 1),
  (489, 112, 1),
  (489, 123, 1),
  (490, 15, 1),
  (490, 112, 1),
  (491, 112, 1),
  (491, 123, 1),
  (492, 57, 1),
  (492, 112, 1),
  (493, 19, 1),
  (493, 63, 1),
  (493, 107, 2),
  (494, 131, 1),
  (494, 155, 1),
  (494, 165, 1),
  (495, 148, 1),
  (495, 155, 1),
  (495, 165, 1),
  (496, 131, 1),
  (496, 148, 1),
  (496, 155, 1),
  (497, 148, 1),
  (497, 155, 1),
  (497, 165, 1),
  (498, 125, 1),
  (498, 131, 1),
  (498, 155, 1),
  (499, 122, 1),
  (499, 167, 1),
  (500, 145, 2),
  (500, 167, 1),
  (501, 32, 2),
  (501, 167, 1),
  (502, 113, 1),
  (502, 167, 1),
  (503, 103, 1),
  (503, 167, 1),
  (504, 104, 1),
  (504, 146, 1),
  (504, 172, 1),
  (504, 178, 1),
  (505, 146, 1),
  (505, 172, 1),
  (505, 178, 1),
  (506, 104, 1),
  (506, 123, 2),
  (506, 172, 1),
  (506, 178, 1),
  (507, 146, 2),
  (507, 172, 1),
  (507, 178, 1),
  (508, 35, 1),
  (508, 118, 1),
  (508, 172, 1),
  (508, 178, 1),
  (509, 64, 1),
  (509, 171, 1),
  (510, 104, 1),
  (510, 130, 1),
  (510, 136, 2),
  (510, 173, 1),
  (511, 15, 2),
  (511, 130, 1),
  (511, 167, 2),
  (511, 173, 1),
  (512, 104, 1),
  (512, 130, 1),
  (512, 168, 2),
  (512, 173, 1),
  (513, 130, 1),
  (513, 136, 1),
  (513, 167, 2),
  (513, 173, 1),
  (514, 104, 1),
  (514, 130, 1),
  (514, 167, 1),
  (514, 173, 1),
  (515, 14, 2),
  (515, 17, 1),
  (516, 17, 1),
  (516, 167, 1),
  (517, 14, 1),
  (517, 17, 1),
  (518, 17, 1),
  (518, 30, 1),
  (518, 167, 1),
  (519, 14, 1),
  (519, 17, 1),
  (519, 30, 1),
  (520, 27, 1),
  (520, 70, 1),
  (520, 110, 1),
  (520, 174, 2),
  (521, 14, 2),
  (521, 27, 1),
  (521, 70, 1),
  (521, 158, 1),
  (522, 27, 1),
  (522, 70, 1),
  (522, 110, 1),
  (522, 158, 2),
  (523, 27, 1),
  (523, 70, 1),
  (523, 110, 2),
  (523, 174, 1),
  (524, 14, 2),
  (524, 27, 1),
  (524, 70, 1),
  (524, 110, 1),
  (525, 116, 1),
  (525, 125, 1),
  (525, 165, 1),
  (525, 178, 1),
  (526, 58, 1),
  (526, 116, 1),
  (526, 122, 1),
  (526, 178, 1),
  (527, 116, 1),
  (527, 165, 2),
  (527, 178, 1),
  (528, 58, 1),
  (528, 116, 1),
  (528, 128, 2),
  (528, 178, 1),
  (529, 116, 1),
  (529, 165, 1),
  (529, 178, 1),
  (530, 27, 1),
  (530, 118, 1),
  (530, 138, 1),
  (531, 27, 1),
  (531, 138, 1),
  (531, 169, 1),
  (532, 27, 1),
  (532, 118, 1),
  (532, 138, 1),
  (533, 27, 1),
  (533, 118, 1),
  (533, 138, 1),
  (533, 169, 1),
  (534, 27, 1),
  (534, 138, 1),
  (534, 169, 1),
  (535, 20, 1),
  (535, 128, 3),
  (535, 152, 1),
  (536, 20, 1),
  (536, 152, 1),
  (536, 158, 3),
  (537, 20, 1),
  (537, 133, 3),
  (537, 152, 1),
  (538, 20, 1),
  (538, 37, 3),
  (538, 63, 2),
  (539, 20, 1),
  (539, 131, 3),
  (539, 169, 3),
  (540, 145, 2),
  (541, 151, 1),
  (542, 64, 1),
  (543, 128, 1),
  (543, 145, 1),
  (544, 128, 2),
  (545, 52, 1),
  (545, 173, 1),
  (546, 52, 1),
  (546, 173, 1),
  (547, 55, 1),
  (547, 173, 1),
  (548, 55, 1),
  (548, 173, 1),
  (549, 52, 1),
  (549, 173, 1),
  (550, 67, 1),
  (550, 171, 1),
  (551, 151, 1),
  (551, 170, 1),
  (551, 171, 1),
  (552, 67, 1),
  (552, 171, 1),
  (553, 64, 1),
  (553, 170, 1),
  (553, 171, 1),
  (554, 67, 1),
  (554, 171, 1),
  (555, 48, 1),
  (555, 162, 1),
  (556, 48, 1),
  (556, 162, 1),
  (557, 115, 1),
  (557, 162, 1),
  (558, 115, 1),
  (558, 162, 1),
  (559, 48, 1),
  (559, 162, 1),
  (560, 137, 1),
  (560, 162, 1),
  (561, 20, 1),
  (561, 67, 1),
  (561, 146, 1),
  (562, 20, 1),
  (562, 67, 1),
  (562, 146, 1),
  (563, 20, 1),
  (563, 67, 1),
  (563, 146, 1),
  (564, 20, 1),
  (564, 146, 1),
  (564, 153, 2),
  (565, 20, 1),
  (565, 128, 2),
  (565, 146, 1),
  (566, 70, 1),
  (566, 128, 1),
  (566, 134, 2),
  (566, 173, 1),
  (567, 58, 1),
  (567, 70, 1),
  (567, 165, 1),
  (567, 173, 1),
  (568, 58, 1),
  (568, 70, 1),
  (568, 128, 2),
  (568, 173, 1),
  (569, 70, 1),
  (569, 165, 2),
  (569, 173, 1),
  (570, 30, 2),
  (570, 70, 1),
  (570, 134, 1),
  (570, 173, 1),
  (571, 20, 1),
  (571, 58, 2),
  (572, 20, 1),
  (572, 64, 2),
  (572, 174, 3),
  (573, 20, 1),
  (573, 134, 3),
  (574, 15, 3),
  (574, 20, 1),
  (574, 170, 2),
  (575, 14, 2),
  (575, 20, 1),
  (575, 43, 3),
  (576, 20, 1),
  (576, 64, 1),
  (576, 98, 1),
  (576, 110, 1),
  (577, 20, 1),
  (577, 98, 1),
  (577, 110, 1),
  (577, 115, 1),
  (578, 20, 1),
  (578, 98, 1),
  (578, 110, 1),
  (578, 151, 1),
  (579, 20, 1),
  (579, 38, 1),
  (579, 110, 1),
  (579, 115, 1),
  (580, 20, 1),
  (580, 38, 1),
  (580, 110, 1),
  (580, 151, 1),
  (581, 17, 1),
  (581, 100, 1),
  (582, 17, 1),
  (582, 100, 1),
  (582, 124, 1),
  (583, 17, 1),
  (583, 100, 1),
  (584, 17, 1),
  (584, 100, 1),
  (585, 17, 1),
  (585, 177, 1),
  (586, 4, 1),
  (586, 26, 1),
  (586, 38, 1),
  (586, 152, 1),
  (587, 4, 1),
  (587, 26, 1),
  (587, 38, 1),
  (587, 49, 2),
  (588, 4, 1),
  (588, 26, 1),
  (588, 57, 2),
  (589, 4, 1),
  (589, 26, 1),
  (589, 38, 2),
  (590, 4, 1),
  (590, 26, 1),
  (590, 57, 1),
  (590, 156, 1),
  (591, 10, 1),
  (591, 146, 1),
  (591, 172, 1),
  (592, 10, 1),
  (592, 123, 1),
  (592, 146, 1),
  (592, 172, 1),
  (593, 10, 1),
  (593, 123, 1),
  (593, 172, 1),
  (594, 10, 1),
  (594, 146, 1),
  (594, 172, 1),
  (595, 10, 1),
  (595, 123, 1),
  (595, 172, 1),
  (596, 112, 1),
  (596, 136, 1),
  (597, 112, 1),
  (597, 151, 2),
  (598, 103, 1),
  (598, 112, 1),
  (599, 98, 1),
  (599, 112, 1),
  (600, 112, 1),
  (600, 136, 2),
  (601, 151, 2),
  (601, 170, 1),
  (601, 171, 1),
  (602, 57, 1),
  (602, 67, 1),
  (602, 171, 1),
  (603, 67, 1),
  (603, 151, 1),
  (603, 171, 1),
  (604, 64, 2),
  (604, 170, 1),
  (604, 171, 1),
  (605, 64, 1),
  (605, 67, 1),
  (605, 171, 1),
  (606, 28, 1),
  (606, 112, 1),
  (607, 95, 1),
  (607, 104, 1),
  (607, 143, 1),
  (607, 155, 1),
  (607, 169, 1),
  (608, 95, 1),
  (608, 100, 2),
  (608, 104, 1),
  (608, 155, 1),
  (608, 167, 1),
  (609, 95, 1),
  (609, 125, 1),
  (609, 143, 2),
  (609, 155, 1),
  (610, 95, 1),
  (610, 100, 2),
  (610, 155, 1),
  (610, 167, 1),
  (610, 169, 1),
  (611, 95, 1),
  (611, 143, 2),
  (611, 155, 1),
  (611, 167, 1),
  (611, 169, 1),
  (612, 10, 1),
  (612, 104, 1),
  (612, 146, 2),
  (612, 172, 1),
  (613, 10, 1),
  (613, 118, 1),
  (613, 146, 1),
  (613, 172, 1),
  (614, 10, 1),
  (614, 104, 2),
  (614, 123, 2),
  (614, 172, 1),
  (615, 10, 1),
  (615, 123, 1),
  (615, 146, 2),
  (615, 172, 1),
  (616, 10, 1),
  (616, 35, 2),
  (616, 118, 1),
  (616, 172, 1),
  (617, 19, 1),
  (617, 123, 1),
  (618, 19, 1),
  (618, 123, 1),
  (619, 15, 1),
  (619, 19, 1),
  (620, 19, 1),
  (620, 123, 1),
  (621, 15, 1),
  (621, 19, 1),
  (622, 37, 1),
  (622, 152, 1),
  (622, 173, 1),
  (623, 152, 1),
  (623, 173, 1),
  (624, 37, 1),
  (624, 42, 1),
  (624, 173, 1),
  (625, 37, 1),
  (625, 133, 1),
  (625, 173, 1),
  (626, 133, 1),
  (626, 152, 1),
  (626, 173, 1),
  (627, 17, 1),
  (627, 131, 2),
  (628, 37, 1),
  (628, 120, 1),
  (628, 146, 1),
  (629, 120, 1),
  (629, 146, 2),
  (630, 37, 1),
  (630, 120, 1),
  (630, 152, 1),
  (631, 120, 1),
  (631, 133, 1),
  (631, 152, 2),
  (632, 120, 1),
  (632, 152, 2),
  (633, 11, 1),
  (633, 13, 1),
  (633, 27, 1),
  (633, 167, 2),
  (634, 11, 1),
  (634, 13, 1),
  (634, 27, 1),
  (634, 122, 1),
  (635, 11, 1),
  (635, 27, 1),
  (635, 122, 1),
  (635, 167, 1),
  (636, 11, 1),
  (636, 27, 1),
  (636, 58, 1),
  (636, 122, 1),
  (637, 11, 1),
  (637, 13, 1),
  (637, 27, 1),
  (637, 58, 2),
  (638, 27, 1),
  (638, 103, 1),
  (638, 118, 2),
  (638, 138, 1),
  (639, 27, 1),
  (639, 103, 1),
  (639, 138, 1),
  (639, 169, 2),
  (640, 27, 1),
  (640, 118, 2),
  (640, 138, 1),
  (640, 145, 1),
  (641, 27, 1),
  (641, 118, 1),
  (641, 138, 1),
  (641, 169, 1),
  (642, 27, 1),
  (642, 103, 1),
  (642, 138, 1),
  (642, 145, 2),
  (643, 4, 1),
  (643, 38, 1),
  (643, 103, 1),
  (644, 4, 1),
  (644, 38, 1),
  (644, 111, 1),
  (645, 4, 1),
  (645, 38, 1),
  (645, 49, 2),
  (646, 4, 1),
  (646, 35, 2),
  (646, 38, 1),
  (647, 4, 1),
  (647, 38, 1),
  (647, 46, 2),
  (648, 33, 1),
  (648, 120, 1),
  (648, 175, 1),
  (649, 33, 1),
  (649, 57, 1),
  (649, 120, 1),
  (650, 33, 1),
  (650, 120, 1),
  (650, 175, 1),
  (651, 31, 1),
  (651, 33, 1),
  (651, 57, 2),
  (651, 120, 1),
  (652, 32, 1),
  (652, 33, 1),
  (652, 120, 1),
  (652, 175, 1),
  (653, 155, 1),
  (653, 174, 1),
  (654, 32, 1),
  (654, 155, 1),
  (655, 125, 1),
  (655, 155, 1),
  (656, 125, 1),
  (656, 155, 1),
  (657, 125, 1),
  (657, 155, 1),
  (658, 57, 1),
  (658, 137, 1),
  (658, 171, 1),
  (659, 4, 1),
  (659, 11, 1),
  (659, 167, 2),
  (660, 4, 1),
  (660, 11, 1),
  (660, 122, 1),
  (661, 4, 1),
  (661, 11, 1),
  (661, 122, 1),
  (662, 4, 1),
  (662, 11, 1),
  (662, 58, 1),
  (663, 4, 1),
  (663, 11, 1),
  (663, 13, 1),
  (663, 58, 1),
  (664, 19, 1),
  (664, 107, 1),
  (665, 14, 1),
  (665, 71, 1),
  (665, 100, 2),
  (665, 155, 1),
  (666, 14, 1),
  (666, 71, 1),
  (666, 143, 2),
  (666, 155, 1),
  (667, 14, 2),
  (667, 71, 1),
  (667, 100, 1),
  (667, 155, 1),
  (668, 71, 1),
  (668, 100, 1),
  (668, 143, 2),
  (668, 155, 1),
  (669, 71, 1),
  (669, 100, 2),
  (669, 143, 1),
  (669, 155, 1),
  (670, 25, 1),
  (670, 112, 1),
  (670, 143, 2),
  (671, 25, 1),
  (671, 110, 3),
  (671, 112, 1),
  (672, 25, 1),
  (672, 103, 1),
  (672, 112, 1),
  (673, 25, 1),
  (673, 103, 1),
  (673, 110, 1),
  (673, 112, 1),
  (674, 25, 1),
  (674, 112, 1),
  (674, 143, 1),
  (675, 135, 2),
  (676, 15, 1),
  (676, 135, 1),
  (677, 135, 1),
  (677, 174, 1),
  (678, 174, 1),
  (679, 15, 1),
  (679, 174, 1),
  (680, 20, 1),
  (680, 122, 2),
  (681, 20, 1),
  (681, 110, 3),
  (682, 20, 1),
  (682, 121, 3),
  (683, 136, 1),
  (683, 145, 2),
  (684, 30, 2),
  (684, 136, 1),
  (685, 136, 1),
  (685, 145, 1),
  (686, 30, 1),
  (686, 136, 1),
  (687, 15, 2),
  (687, 136, 1),
  (688, 37, 1),
  (688, 146, 2),
  (688, 173, 1),
  (689, 133, 1),
  (689, 146, 2),
  (689, 173, 1),
  (690, 37, 2),
  (690, 152, 1),
  (690, 173, 1),
  (691, 133, 2),
  (691, 152, 2),
  (691, 173, 1),
  (692, 146, 1),
  (692, 152, 2),
  (692, 173, 1),
  (693, 13, 1),
  (693, 17, 1),
  (693, 100, 1),
  (693, 129, 1),
  (694, 17, 1),
  (694, 100, 2),
  (694, 129, 1),
  (695, 14, 1),
  (695, 17, 1),
  (695, 100, 1),
  (695, 129, 1),
  (696, 14, 2),
  (696, 17, 1),
  (696, 129, 1),
  (697, 17, 1),
  (697, 18, 1),
  (697, 129, 1),
  (697, 131, 1),
  (698, 121, 1),
  (699, 121, 1),
  (699, 124, 1),
  (700, 31, 1),
  (700, 121, 1),
  (701, 31, 1),
  (701, 124, 1),
  (702, 31, 1),
  (703, 19, 1),
  (703, 136, 1),
  (704, 19, 1),
  (704, 136, 1),
  (705, 19, 1),
  (705, 136, 1),
  (705, 151, 1),
  (706, 19, 1),
  (706, 136, 1),
  (706, 151, 1),
  (707, 19, 1),
  (707, 136, 1),
  (708, 64, 2),
  (708, 98, 1),
  (708, 171, 1),
  (709, 104, 3),
  (710, 19, 1),
  (710, 136, 2),
  (711, 19, 1),
  (711, 136, 1),
  (711, 151, 2),
  (712, 19, 1),
  (712, 103, 1),
  (712, 151, 1),
  (713, 19, 1),
  (713, 98, 1),
  (713, 136, 1),
  (714, 19, 1),
  (714, 103, 1),
  (714, 136, 2);
